St Alphonsus' Road Drumcondra Dublin 3,760,2019-02-05house-share.csv
Hendrick Place Dublin 7,1180,2019-02-05house-share.csv
Ashford Street Stoneybatter Dublin 7,1000,2019-02-05house-share.csv
35 Glenageary Co. Dublin,795,2019-02-05house-share.csv
7 Cornelscourt Cottages Cabinteely Dublin 18,700,2019-02-05house-share.csv
39 A Arran Quay Smithfield Smithfield Dublin 1,440,2019-02-05house-share.csv
162 Whitehall Road West Perrystown Dublin 12,700,2019-02-05house-share.csv
2 The Steeples Chapelizod Dublin 20,625,2019-02-05house-share.csv
3 Mount Anville Court Lower Kilmacud Road Goatst Goatstown Dublin 14,825,2019-02-05house-share.csv
Manor Street Stoneybatter Dublin 7,850,2019-02-05house-share.csv
Snug Victorian Refurbished Home Glasnevin Village Glasnevin Dublin 9,745,2019-02-05house-share.csv
Baggot Street Upper Ballsbridge Dublin 4,500,2019-02-05house-share.csv
Henley Park Belfield Dublin 4,500,2019-02-05house-share.csv
Thomas Davis Street West Inchicore Dublin 8,400,2019-02-05house-share.csv
Inis Fail Tallaght Dublin 24,275,2019-02-05house-share.csv
Bray Road Dun Laoghaire Co. Dublin,450,2019-02-05house-share.csv
Bray Road Deans Grange Co. Dublin,450,2019-02-05house-share.csv
Lennox Place Portobello Dublin 8,800,2019-02-05house-share.csv
51 Mount Pleasant Square Ranelagh Ranelagh Dublin 6,1300,2019-02-05house-share.csv
Shackleton Crescent Adamstown Lucan Co. Dublin,750,2019-02-05house-share.csv
Avenue Road Portobello Dublin 8,995,2019-02-05house-share.csv
Wedgewood Estate Sandyford Sandyford Dublin 18,700,2019-02-05house-share.csv
Woodley Road Cabinteely Dublin 18,800,2019-02-05house-share.csv
Belarmine Sandyford Sandyford Dublin 18,850,2019-02-05house-share.csv
Off Beechdale Road Beside Lidl... Firhouse Dublin 24,395,2019-02-05house-share.csv
26 Cloyne Rd Crumlin Dublin 12,600,2019-02-05house-share.csv
Shackleton Park Lucan Lucan Co. Dublin,700,2019-02-05house-share.csv
Hamilton Square  Bannow Road Cabra Dublin 7,1140,2019-02-05house-share.csv
Spencer Street North North Strand Dublin 3,1140,2019-02-05house-share.csv
Annadale Drive Drumcondra Dublin 3,600,2019-02-05house-share.csv
19 Toberburr Avenue Rivermeade St Margaret'S Co. Dublin,480,2019-02-05house-share.csv
Woodfield Knocklyon Dublin 16,550,2019-02-05house-share.csv
7 The Glen Glenageary Road Lower Dunlaoghaire Dun Laoghaire Co. Dublin,850,2019-02-05house-share.csv
Townsend Street Dublin 2,875,2019-02-05house-share.csv
Portland Row Ballybough Dublin 3,880,2019-02-05house-share.csv
19 Munster Street Dublin 7,600,2019-02-05house-share.csv
Killiney Hill Road Killiney Co. Dublin,815,2019-02-05house-share.csv
Adair Terrace Phibsborough Dublin 7,1000,2019-02-05house-share.csv
The Glen Boden Park Ballyboden Way Rathfarnham Dublin 16,600,2019-02-05house-share.csv
17 Esker Lawns Lucan Co. Dublin,700,2019-02-05house-share.csv
Riverwood Drive Carpenterstown Dublin 15,500,2019-02-05house-share.csv
70 Forest Hills Rathcoole Co. Dublin,600,2019-02-05house-share.csv
2 St Clare Terrace Harold'S Cross Dublin 6,400,2019-02-05house-share.csv
Belmayne Dublin 13 Balgriffin Dublin 13,700,2019-02-05house-share.csv
Peters Road Phibsborough Dublin 7,800,2019-02-05house-share.csv
Ardlea Road Artane Dublin 5,550,2019-02-05house-share.csv
Castleview Avenue Swords Co. Dublin,500,2019-02-05house-share.csv
Ballymun Road Glasnevin Dublin 9,475,2019-02-05house-share.csv
Bray Road Sandyford Dublin 18,300,2019-02-05house-share.csv
Yale Belfield Dublin 4,500,2019-02-05house-share.csv
4 Wynnsward Drive Clonskeagh Dublin 14 Clonskeagh Dublin 14,750,2019-02-05house-share.csv
St David'S Park Artane Dublin 5,600,2019-02-05house-share.csv
34 Cluny Grove Killiney Co. Dublin,545,2019-02-05house-share.csv
Belevedere Avenue Knocksedan Brackenstown Sword Swords Co. Dublin,850,2019-02-05house-share.csv
Riverside Lodge Lower Road Strawberry Beds Castleknock Dublin 15,700,2019-02-05house-share.csv
Churchtown Road Dundrum Dublin 14,900,2019-02-05house-share.csv
Riverlodge Firhouse Road Firhouse Dublin 24,850,2019-02-05house-share.csv
Old Celbridge Rd Lucan Co. Dublin,680,2019-02-05house-share.csv
7 Ashford Place Stoneybatter Dublin 7,600,2019-02-05house-share.csv
Caledon Court East Wall Co. Dublin,850,2019-02-05house-share.csv
Turret Road Palmerstown Dublin 20,500,2019-02-05house-share.csv
Hazelbury Green Clonee Dublin 15,600,2019-02-05house-share.csv
15 Fernleigh Crescent Castleknock Dublin 15,600,2019-02-05house-share.csv
8 The Courtyard Hollybank Upper Ranelagh Dublin 6,1400,2019-02-05house-share.csv
552 North Circular Road Dublin 1,850,2019-02-05house-share.csv
4 Cypress Road Mount Merrion Co. Dublin,480,2019-02-05house-share.csv
Heatfield Cappagh Road Finglas Dublin 11,650,2019-02-05house-share.csv
44 Belgrove Lawns Chapelizod Dublin 20 Chapelizod Dublin 20,650,2019-02-05house-share.csv
45 Hampton Court Clontarf Dublin 3,600,2019-02-05house-share.csv
5 Hollybrook Grove Clontarf Co. Dublin,600,2019-02-05house-share.csv
12 Homeville Court Knockylon Knocklyon Dublin 16,650,2019-02-05house-share.csv
Silver Pines Stillorgan Co. Dublin,728,2019-02-05house-share.csv
Elder Heath Ave Kiltipper Kiltipper Dublin 24,700,2019-02-05house-share.csv
24 Lourdes Road Maryland Dublin 8,720,2019-02-05house-share.csv
Willie Nolan Rd Baldoyle Dublin 13,475,2019-02-05house-share.csv
Chaple Crescant Balbriggan Co. Dublin,500,2019-02-05house-share.csv
Park Avenue Clongriffin Dublin 13,750,2019-02-05house-share.csv
Mt Argus Harold'S Cross Dublin 6W,720,2019-02-05house-share.csv
Hayfield House Knocklyon Dublin 16,585,2019-02-05house-share.csv
1 New Bawn Park Oldbawn Dublin 24,600,2019-02-05house-share.csv
Killester Park Killester Dublin 3,790,2019-02-05house-share.csv
Elmwood Avenue Ranelagh Dublin 6,790,2019-02-05house-share.csv
Connolly Avenue Inchicore Dublin 8,750,2019-02-05house-share.csv
Abbeydale Lucan Co. Dublin,600,2019-02-05house-share.csv
Lioscian Swords Co. Dublin,600,2019-02-05house-share.csv
Ballymount Road Kingswood Dublin 22,550,2019-02-05house-share.csv
The Wood 38 Tallaght Dublin 24,560,2019-02-05house-share.csv
Fernwood Avenue Tallaght Dublin 24,650,2019-02-05house-share.csv
54 Edgewood Lawns Blanchardstown Dublin 15,400,2019-02-05house-share.csv
Percy French Road Walkinstown Dublin 12 Walkinstown Dublin 12,650,2019-02-05house-share.csv
Rath Shankill Dublin 18,600,2019-02-05house-share.csv
151 Carr'S Mill Donabate Co. Dublin,600,2019-02-05house-share.csv
St Declans Road Marino Marino Dublin 3,500,2019-02-05house-share.csv
Ballyowen Park Lucan Co. Dublin,550,2019-02-05house-share.csv
LakelandS Close Stillorgan Stillorgan Co. Dublin,540,2019-02-05house-share.csv
6 Orchardton Rathfarnham Dublin 14,600,2019-02-05house-share.csv
Parkside Balgriffin Dublin 13,750,2019-02-05house-share.csv
Hampton Square Navan Road (D7) Dublin 7,1200,2019-02-05house-share.csv
Shackleton Park Lucan Co. Dublin,450,2019-02-05house-share.csv
Merrion Park Blackrock Co. Dublin,680,2019-02-05house-share.csv
Castlegrange Clonee Dublin 15,600,2019-02-05house-share.csv
16 Richmond Grove Monkstown Co. Dublin,700,2019-02-05house-share.csv
174 Littlepace Woods Clonee Dublin 15,800,2019-02-05house-share.csv
Off Navan Road Dublin 7,950,2019-02-05house-share.csv
Merchants Road North Wall Dublin 1,1000,2019-02-05house-share.csv
Park View 69 Swords Co. Dublin,450,2019-02-05house-share.csv
6 Bally Shannon Avenue Kilmore Dublin 5,500,2019-02-05house-share.csv
44 Merton Ranelagh Dublin 6,820,2019-02-05house-share.csv
163 North Circular Road Dublin 7,450,2019-02-05house-share.csv
Cadogan Road Fairview Dublin 3,700,2019-02-05house-share.csv
Boolavogue Road East Wall Dublin 3,800,2019-02-05house-share.csv
Beech Park Drive Foxrock Dublin 18,800,2019-02-05house-share.csv
Summerfield Rise Blanchardstown Dublin 15,450,2019-02-05house-share.csv
21 Asgard Park Howth Howth Dublin 13,700,2019-02-05house-share.csv
Woodford Crescent Clondalkin Dublin 22,600,2019-02-05house-share.csv
401 Carnlough Road Cabra Dublin 7,600,2019-02-05house-share.csv
Sycamore View Carpenterstown Dublin 15,600,2019-02-05house-share.csv
34 Milltown Avenue Milltown Dublin 6,1000,2019-02-05house-share.csv
Orwell Gardens Orwell Road Rathgar Dublin 6,640,2019-02-05house-share.csv
Adare Green Coolock Dublin 5,600,2019-02-05house-share.csv
Kenilworth Park Harold'S Cross Dublin 6,400,2019-02-05house-share.csv
Fern Court Green Ballycullen Dublin 24,650,2019-02-05house-share.csv
Shanliss Road Santry Dublin 9,520,2019-02-05house-share.csv
Shanowen Avenue Santry Dublin 9,550,2019-02-05house-share.csv
Fairbrook Rathfarnham Dublin 14,750,2019-02-05house-share.csv
19 Wellington Place Ballsbridge Dublin 4,1050,2019-02-05house-share.csv
23 Ailesbury Road Ballsbridge Dublin 4,1100,2019-02-05house-share.csv
43 Trimleston Gardens Booterstown Co. Dublin,850,2019-02-05house-share.csv
8 Whitestown Green Mulhuddart Dublin 15 Huntstown Dublin 15,600,2019-02-05house-share.csv
Glencairn The Gallops South Leopardstown Dublin 18,850,2019-02-05house-share.csv
70 Pigeon House Road Ringsend Dublin 4,1150,2019-02-05house-share.csv
Dundrum Road Dundrum Dublin 14,1000,2019-02-05house-share.csv
27 Dartmouth Square Ranelagh Dublin 6,1050,2019-02-05house-share.csv
14 Norabrook Clontarf Dublin 3,800,2019-02-05house-share.csv
85 Merrion Road Ballsbridge Dublin 4,900,2019-02-05house-share.csv
91 Waterloo Road Ballsbridge Dublin 4,1250,2019-02-05house-share.csv
32 Mount Pleasant Square Ranelagh Dublin 6,1100,2019-02-05house-share.csv
18 Eglinton Square Donnybrook Dublin 4,950,2019-02-05house-share.csv
Belarmine Vale Stepaside Dublin 18,800,2019-02-05house-share.csv
Verschoyle Glen Citywest Co. Dublin,450,2019-02-05house-share.csv
3 Sarah Curran Avenue Rathfarnham Dublin 14,900,2019-02-05house-share.csv
Castleknock Meadows Castleknock Dublin 15,440,2019-02-05house-share.csv
Glenlyon Estate Knocklyon Dublin 16,460,2019-02-05house-share.csv
Westminster Park Foxrock Dublin 18,540,2019-02-05house-share.csv
11 Slane Road Crumlin Dublin 12,1200,2019-02-05house-share.csv
Gracepark Heights Drumcondra Dublin 9,600,2019-02-05house-share.csv
Cluain Rã­ Ballyowen Lane Lucan Co. Dublin,650,2019-02-05house-share.csv
Newbrook Avenue Donaghmede Dublin 13,750,2019-02-05house-share.csv
Newbrook Avenue Donaghmede Dublin 13,525,2019-02-05house-share.csv
South Circular Road 205 South Circular Road Dublin 8,750,2019-02-05house-share.csv
102 Naas Rd Inchicore Dublin 8,900,2019-02-05house-share.csv
Clonliffe Road Ballybough Dublin 3,580,2019-02-05house-share.csv
29 Beverly Cresent Knocklyon Dublin 16,700,2019-02-05house-share.csv
9 Parliament Street Dublin 2,1000,2019-02-05house-share.csv
Hansted Grove Lucan Co. Dublin,600,2019-02-05house-share.csv
Church Road East Wall Dublin 3,550,2019-02-05house-share.csv
Clanbrassil Close Portobello Dublin 8,500,2019-02-05house-share.csv
Kiltipper Tallaght Dublin 24,500,2019-02-05house-share.csv
Gracepark Road Drumcondra Dublin 3,550,2019-02-05house-share.csv
Slievenamon Road Drimnagh Dublin 12,500,2019-02-05house-share.csv
22 Peyton Square Rathcoole Co. Dublin,750,2019-02-05house-share.csv
Wynnsward Park Clonskeagh Dublin 14,745,2019-02-05house-share.csv
93 Aughavanagh Road Crumlin Dublin 12,750,2019-02-05house-share.csv
121 Clonliffe Road Fairview Dublin 3,830,2019-02-05house-share.csv
51 Phillpsburg Avenue Fairview Dublin 3,550,2019-02-05house-share.csv
Larkhill Road Santry Dublin 9,650,2019-02-05house-share.csv
Deerpark Avenue Tallaght Dublin 24,450,2019-02-05house-share.csv
Swords Swords Co. Dublin,750,2019-02-05house-share.csv
Diswellstown Manor Castleknock Dublin 15,420,2019-02-05house-share.csv
8 Cavalry Row Stoneybatter Dublin 7,650,2019-02-05house-share.csv
Castleknock Road Castleknock Dublin 15,650,2019-02-05house-share.csv
Clay Farm Leopardstown Dublin 18,1050,2019-02-05house-share.csv
Idrone Park Knocklyon Dublin 16,450,2019-02-05house-share.csv
Parkvale Baldoyle Dublin 13,700,2019-02-05house-share.csv
Clonliffe Road Ballybough Dublin 3,530,2019-02-05house-share.csv
Applewood Grove Swords Co. Dublin,675,2019-02-05house-share.csv
1 Shelbourne Rd Estate Cottages Ballsbridge Co. Dublin,700,2019-02-05house-share.csv
Orwell Park Heights Templeogue Dublin 6W,525,2019-02-05house-share.csv
Swords Manor Crescent Swords Co. Dublin,650,2019-02-05house-share.csv
No 6 Willows Road Clonsilla Clonsilla Dublin 15,700,2019-02-05house-share.csv
Melrose Park Swords Co. Dublin,400,2019-02-05house-share.csv
Loreto Crescent Rathfarnham Rathfarnham Dublin 14,650,2019-02-05house-share.csv
Monkstown Road Monkstown Co Dublin Monkstown Co. Dublin,650,2019-02-05house-share.csv
21 Copeland Grove Clontarf Clontarf Dublin 3,630,2019-02-05house-share.csv
Castlecurragh Blanchardstown Dublin 15,700,2019-02-05house-share.csv
Beaumont Whitehall Dublin 9,600,2019-02-05house-share.csv
Golden Ridge Crescent Rush Co. Dublin,550,2019-02-05house-share.csv
22 Patrick Doyle Road Windy Arbour Dublin 14,900,2019-02-05house-share.csv
Sorrel Heath Clonsilla Dublin 15,400,2019-02-05house-share.csv
Burford Drive Honeypark Dun Laoghaire Co. Dublin,950,2019-02-05house-share.csv
North Strand Road Dublin 1,600,2019-02-05house-share.csv
4 Ellenfield Road Whitehall Dublin 9,600,2019-02-05house-share.csv
6 Lanesborough Castle Charlestown Finglas Dublin 11,650,2019-02-05house-share.csv
4 Chapel Crescent Riverston Abbey Navan Road Ashington Dublin 7,480,2019-02-05house-share.csv
Rathbeale Road Swords Co. Dublin,600,2019-02-05house-share.csv
Shrewsbury Park Ballsbridge Dublin 4,800,2019-02-05house-share.csv
Shanliss Avenue Santry Dublin 9,600,2019-02-05house-share.csv
Spiddal Road 118 Ballyfermot Dublin 10,560,2019-02-05house-share.csv
12 Saint Mochta'S Chase Clonsilla Dublin 15,650,2019-02-05house-share.csv
Forth Road East Wall Dublin 3,800,2019-02-05house-share.csv
5 St Helens Terrace Goldenbridge Inchicore Dublin 8,1095,2019-02-05house-share.csv
Griffith Avenue Santry Dublin 9,600,2019-02-05house-share.csv
Roseville Terrace Dundrum Road Dundrum Dublin 14,900,2019-02-05house-share.csv
20 Crosthwaite Park South Dun Laoghaire Co. Dublin,1250,2019-02-05house-share.csv
35 The Maples Clonskeagh Dublin 14,810,2019-02-05house-share.csv
23 Aranleigh Gardens Rathfarnham Dublin 14,495,2019-02-05house-share.csv
Cianlea 138 Swords Co. Dublin,560,2019-02-05house-share.csv
Rathborne Drive Ashtown Dublin 15,550,2019-02-05house-share.csv
Hamptonwood Way Finglas Dublin 11,550,2019-02-05house-share.csv
Oak Rd Whitehall Dublin 9,390,2019-02-05house-share.csv
Hazel Rd. Donnycarney Dublin 9,520,2019-02-05house-share.csv
Beauvale Park Artane Dublin 5,550,2019-02-05house-share.csv
Cardiff Lane Dublin 2,550,2019-02-05house-share.csv
George'S Wharf Royal Canal Bank Phibsborough Dublin 7,900,2019-02-05house-share.csv
Moyville Rathfarnham Dublin 16,560,2019-02-05house-share.csv
Rathmines Road Lower Rathmines Dublin 6,400,2019-02-05house-share.csv
North Strand Road Dublin 1,396,2019-02-05house-share.csv
14 Woodstown Heath Knocklyon Dublin 16,600,2019-02-05house-share.csv
Off Merrion Square Grand Canal Dock Dublin 2,900,2019-02-05house-share.csv
16 Moylaragh Drive Balbriggan Co. Dublin,480,2019-02-05house-share.csv
Daletree View Ballycullen Dublin 16,600,2019-02-05house-share.csv
Home Farm Road Drumcondra Dublin 3,380,2019-02-05house-share.csv
Citywest Citywest Co. Dublin,700,2019-02-05house-share.csv
Castlefield Park Clonsilla Dublin 15,650,2019-02-05house-share.csv
31 Ovoca Road Portobello Dublin 8,900,2019-02-05house-share.csv
The Sweepstakes Ballsbridge Dublin 4,900,2019-02-05house-share.csv
138 Upper Leeson Street Dublin 2,950,2019-02-05house-share.csv
Stratton Court Adamstown Co. Dublin,600,2019-02-05house-share.csv
6 Aulden Grange Santry Dublin 9,510,2019-02-05house-share.csv
6 Aulden Grange Santry Dublin 9,580,2019-02-05house-share.csv
6 Aulden Grange Santry Dublin 9,540,2019-02-05house-share.csv
City Centre Off North Circular Road Dublin 1,700,2019-02-05house-share.csv
Templeview Avenue Clarehall Dublin 13,650,2019-02-05house-share.csv
Allen Park Road Stillorgan Co. Dublin,750,2019-02-05house-share.csv
Rushbrook Road Templeogue Dublin 6W,600,2019-02-05house-share.csv
Elmfield Way Donaghmede Dublin 13,340,2019-02-05house-share.csv
Glasanaon Road Finglas Dublin 11,325,2019-02-05house-share.csv
Lanesborough Crescent Finglas Dublin 11,340,2019-02-05house-share.csv
21 Harrington Street Dublin City Centre Dublin 8,980,2019-02-05house-share.csv
26 Lower Churchtown Road Churchtown Dublin 14,1120,2019-02-05house-share.csv
37 Parker House Myrtle Court The Coast Baldoyle Dublin 13,850,2019-02-05house-share.csv
Churchwell Square Balgriffin Dublin 13,430,2019-02-05house-share.csv
Casino Road Marino Dublin 3,560,2019-02-05house-share.csv
Fairways Park 20 Glasnevin Dublin 11,700,2019-02-05house-share.csv
Palmerstown Ave. Palmerstown Dublin 20,600,2019-02-05house-share.csv
Killmainham Lane Kilmainham Dublin 8,700,2019-02-05house-share.csv
Cooley Road Drimnagh Dublin 12,615,2019-02-05house-share.csv
83 Old Co. Glen Crumlin Dublin 12,500,2019-02-05house-share.csv
The Rise Woodpark Ballinteer Dublin 16,550,2019-02-05house-share.csv
Liscannor Road Cabra Dublin 7,700,2019-02-05house-share.csv
Lawrence Grove Clontarf Dublin 3,583,2019-02-05house-share.csv
Station Road Shankill Dublin 18,900,2019-02-05house-share.csv
St Laurences Grove Chapelizod Dublin 20,650,2019-02-05house-share.csv
8 Brighton Avenue Clontarf Dublin 3,900,2019-02-05house-share.csv
Pinewood Grove Glasnevin Dublin 11,560,2019-02-05house-share.csv
Haddington Road Ballsbridge Dublin 4,1200,2019-02-05house-share.csv
Breifne Mews Daniel Street Portobello Dublin 8,500,2019-02-05house-share.csv
Glendown Templeogue Dublin 6W,600,2019-02-05house-share.csv
13 Lealand Grove Bawnogue Clondalkin Dublin 22,540,2019-02-05house-share.csv
9 F Carysfort Park Blackrock Co. Dublin,620,2019-02-05house-share.csv
46 Roebuck Downs Clonskeagh Dublin 14,950,2019-02-05house-share.csv
Mourne Lodge Mourne Road Drimnagh Dublin 12,750,2019-02-05house-share.csv
Friarsland Road Dundrum Dublin 14,740,2019-02-05house-share.csv
23 Whitethorn Walk Carriglea Downs Dun Laoghaire Co. Dublin,520,2019-02-05house-share.csv
College Drive Terenure Dublin 6,720,2019-02-05house-share.csv
Friarsland Road Clonskeagh Dublin 14,740,2019-02-05house-share.csv
Whitethorn Walk Carriglea Downs Dun Laoghaire Co. Dublin,520,2019-02-05house-share.csv
11 Clonard Road Crumlin Dublin 12,700,2019-02-05house-share.csv
Knocklyon Close Knocklyon Dublin 16,480,2019-02-05house-share.csv
The Laurels Terenure Dublin 6,600,2019-02-05house-share.csv
Woodberry Lucan Co. Dublin,600,2019-02-05house-share.csv
The Rise Whitehall Glasnevin Dublin 9,580,2019-02-05house-share.csv
Cabra Park Phibsborough Dublin 7,580,2019-02-05house-share.csv
Jones Road Glasneving Glasnevin Dublin 9,580,2019-02-05house-share.csv
Glasnevin Garristown Co. Dublin,880,2019-02-05house-share.csv
Tor An Ri Lane Lucan Co. Dublin,300,2019-02-05house-share.csv
Belgrove Park Clontarf Dublin 3,900,2019-02-05house-share.csv
Sycamore Park Kingswood Heights Tallaght Dublin 24,700,2019-02-05house-share.csv
Cashel Road Crumlin Dublin 12 Crumlin Dublin 12,675,2019-02-05house-share.csv
Hunters Avenue Firhouse Dublin 24,500,2019-02-05house-share.csv
Wyattville Road Loughlinstown Glenageary Co. Dubli Ballybrack Co. Dublin,515,2019-02-05house-share.csv
Torquay Wood Foxrock Dublin 18,595,2019-02-05house-share.csv
Ormond Square Dublin 7,775,2019-02-05house-share.csv
2 Ashton Lawn Templeogue Knocklyon Dublin 16,390,2019-02-05house-share.csv
Greenfield Place 2 Harold'S Cross Dublin 6,1000,2019-02-05house-share.csv
Marymount Swords Road Cross Road Of Carlton Hote Cloghran Co. Dublin,1000,2019-02-05house-share.csv
43 Mcauley Drive Artane Dublin 5,570,2019-02-05house-share.csv
2 Sorrel Heath Clonsilla Dublin 15,600,2019-02-05house-share.csv
Brookford Rush Co. Dublin,500,2019-02-05house-share.csv
24 Portersgate Drive Clonsilla Dublin 15,520,2019-02-05house-share.csv
Foxborough Drive Lucan Co. Dublin,450,2019-02-05house-share.csv
Orwell Road Templeogue Dublin 6W,800,2019-02-05house-share.csv
St Mochta'S Coolmine Dublin 15,600,2019-02-05house-share.csv
Ceder Brook Place Cherry Orchard Dublin 10,700,2019-02-05house-share.csv
Carrigmore Ave Citywest Co. Dublin,550,2019-02-05house-share.csv
53 Bayside Square South Bayside Dublin 13,850,2019-02-05house-share.csv
Gainsborought Malahide Malahide Co. Dublin,550,2019-02-05house-share.csv
Royal Canal Terrace Phibsborough Dublin 7,580,2019-02-05house-share.csv
The Rise Whitehall Glasnevin Dublin 9,640,2019-02-05house-share.csv
Perrystown Walkinstown Dublin 12,540,2019-02-05house-share.csv
Russell Square Tallaght Dublin 24,480,2019-02-05house-share.csv
St David'S Artane Dublin 5,480,2019-02-05house-share.csv
Seabury Malahide Co. Dublin,480,2019-02-05house-share.csv
Fairways Glasnevin Dublin 11,680,2019-02-05house-share.csv
Waterside Malahide Co. Dublin,480,2019-02-05house-share.csv
Perrystown Kimmage Dublin 12,600,2019-02-05house-share.csv
Edmondstown Rathfarnham Dublin 16,560,2019-02-05house-share.csv
Applewood Swords Co. Dublin,440,2019-02-05house-share.csv
Willbrook Rathfarnham Dublin 14,580,2019-02-05house-share.csv
Ballyfermot Chapelizod Dublin 20,520,2019-02-05house-share.csv
Greenhills Park Greenhills Dublin 12,480,2019-02-05house-share.csv
Ongar Green Ongar Dublin 15,480,2019-02-05house-share.csv
Larch Hill Santry Dublin 9,560,2019-02-05house-share.csv
Kimmage Harold'S Cross Dublin 6W,640,2019-02-05house-share.csv
Rusheeney Village Hartstown Dublin 15,440,2019-02-05house-share.csv
Fortlawn Hartstown Dublin 15,440,2019-02-05house-share.csv
Rathcoole Saggart Co. Dublin,440,2019-02-05house-share.csv
Glin Road Priorswood Dublin 17,460,2019-02-05house-share.csv
Sandymount Ballsbridge Dublin 4,680,2019-02-05house-share.csv
Palmerstown Manor Palmerstown Dublin 20,480,2019-02-05house-share.csv
Johnstown Road Cabinteely Dublin 18,540,2019-02-05house-share.csv
Bluebell Walkinstown Dublin 12,480,2019-02-05house-share.csv
Wedgewood Stillorgan Co. Dublin,600,2019-02-05house-share.csv
Lymewood Mews Santry Dublin 9,600,2019-02-05house-share.csv
Manor Estate Walkinstown Dublin 12,480,2019-02-05house-share.csv
Diswellstown Road Castleknock Dublin 15,480,2019-02-05house-share.csv
Springfield Tallaght Dublin 24,480,2019-02-05house-share.csv
Ballyfermot Road Ballyfermot Dublin 10,520,2019-02-05house-share.csv
Goldenbridge Drimnagh Dublin 12,720,2019-02-05house-share.csv
Kill Of The Grange Dun Laoghaire Co. Dublin,540,2019-02-05house-share.csv
Firhouse Knocklyon Dublin 16,400,2019-02-05house-share.csv
Clonshaugh Road Clonshaugh Dublin 17,480,2019-02-05house-share.csv
Westminster Park Blackrock Co. Dublin,600,2019-02-05house-share.csv
Kingswood Cross Citywest Co. Dublin,440,2019-02-05house-share.csv
Cooley Road Drimnagh Dublin 12,620,2019-02-05house-share.csv
Churchtown Dundrum Dublin 14,700,2019-02-05house-share.csv
Edmondstown Rathfarnham Dublin 16,480,2019-02-05house-share.csv
Drimnagh Crumlin Dublin 12,560,2019-02-05house-share.csv
Edmondstown Rathfarnham Dublin 16,500,2019-02-05house-share.csv
Marino Clontarf Dublin 3,540,2019-02-05house-share.csv
Cypress Downs Rathfarnham Dublin 14,580,2019-02-05house-share.csv
Goatstown Kilmacud Co. Dublin,640,2019-02-05house-share.csv
Blanchardstown Castleknock Dublin 15,480,2019-02-05house-share.csv
Killinardan Kiltipper Dublin 24,440,2019-02-05house-share.csv
Fairview Clontarf Dublin 3,560,2019-02-05house-share.csv
Park West Cherry Orchard Dublin 10,440,2019-02-05house-share.csv
Aikens Village Sandyford Dublin 18,580,2019-02-05house-share.csv
Marlay Park Rathfarnham Dublin 16,560,2019-02-05house-share.csv
Dundrum Churchtown Dublin 14,720,2019-02-05house-share.csv
Lansdowne Village Irishtown Dublin 4,640,2019-02-05house-share.csv
Griffeen Valley Lucan Co. Dublin,480,2019-02-05house-share.csv
Artane Beaumont Dublin 9,520,2019-02-05house-share.csv
Wellington Lane Templeogue Dublin 6W,460,2019-02-05house-share.csv
Cypress Downs Templeogue Dublin 6W,520,2019-02-05house-share.csv
Kimmage Crumlin Dublin 12,580,2019-02-05house-share.csv
Dundrum Churchtown Dublin 14,680,2019-02-05house-share.csv
Artane Beaumont Dublin 9,560,2019-02-05house-share.csv
Broadstone Cabra Dublin 7,640,2019-02-05house-share.csv
Willbrook Rathfarnham Dublin 14,620,2019-02-05house-share.csv
Chapelizod Palmerstown Dublin 20,420,2019-02-05house-share.csv
Royal Canal Park Ashtown Dublin 15,440,2019-02-05house-share.csv
Kimmage Terenure Dublin 6W,620,2019-02-05house-share.csv
Clongriffin Baldoyle Dublin 13,440,2019-02-05house-share.csv
Irishtown Road Ringsend Dublin 4,740,2019-02-05house-share.csv
The Fairways Lucan Co. Dublin,480,2019-02-05house-share.csv
Leopardstown Valley Carrickmines Dublin 18,520,2019-02-05house-share.csv
The Fairways Lucan Co. Dublin,520,2019-02-05house-share.csv
Oldcastlepark Clondalkin Dublin 22,520,2019-02-05house-share.csv
Whitechurch Saggart Co. Dublin,480,2019-02-05house-share.csv
Grove Avenue Stillorgan Co. Dublin,680,2019-02-05house-share.csv
Drimnagh Crumlin Dublin 12,660,2019-02-05house-share.csv
Kingswood Heights Kilnamanagh Dublin 24,440,2019-02-05house-share.csv
Marley Grange Ballinteer Dublin 16,680,2019-02-05house-share.csv
Malahide Road Coolock Dublin 5,480,2019-02-05house-share.csv
Shantalla Road Whitehall Dublin 9,600,2019-02-05house-share.csv
Navan Road Ashtown Dublin 7,500,2019-02-05house-share.csv
Marino Drumcondra Dublin 9,520,2019-02-05house-share.csv
Riversdale Clondalkin Dublin 22,400,2019-02-05house-share.csv
Simon'S Ridge Ballinteer Dublin 16,600,2019-02-05house-share.csv
Drumfinn Ballyfermot Dublin 10,480,2019-02-05house-share.csv
Finglas East Finglas Dublin 11,540,2019-02-05house-share.csv
Springfield Tallaght Dublin 24,440,2019-02-05house-share.csv
Mount Eustace Tyrrelstown Dublin 15,520,2019-02-05house-share.csv
Ballymun Santry Dublin 9,600,2019-02-05house-share.csv
Woodfarm Acres Palmerstown Dublin 20,480,2019-02-05house-share.csv
Milltown Clonskeagh Dublin 14,720,2019-02-05house-share.csv
The Donahies Ard Na Greine Dublin 13,480,2019-02-05house-share.csv
3 Church Park Drive Mount Argos Road Harold'S Cr Harold'S Cross Dublin 6,555,2019-02-05house-share.csv
Ashfield Park 13 Mulhuddart Dublin 15,500,2019-02-05house-share.csv
St Annes Terenure Dublin 6W,650,2019-02-05house-share.csv
Ashington Navan Road (D7) Dublin 7,500,2019-02-05house-share.csv
Malahide Road Clarehall Dublin 13,650,2019-02-05house-share.csv
Barnwell Hansfield Dublin 15 Clonsilla Dublin 15,380,2019-02-05house-share.csv
Bluebell Line Bluebell Dublin 12,450,2019-02-05house-share.csv
Longview Avenue Swords Co. Dublin,500,2019-02-05house-share.csv
The Courtyard Swords Co. Dublin,450,2019-02-05house-share.csv
Glendoher Road Rathfarnham Dublin 14,600,2019-02-05house-share.csv
Glendoher Road Rathfarnham Dublin 14,700,2019-02-05house-share.csv
Claremont Court Dublín Glasnevin Dublin 9,520,2019-02-05house-share.csv
Foxhill Green 8 Donaghmede Dublin 13,600,2019-02-05house-share.csv
19 Abbeydale Close Lucan Lucan Co. Dublin,550,2019-02-05house-share.csv
Grangebrook Avenue 90 Rathfarnham Dublin 16,666,2019-02-05house-share.csv
35 Clogher Road Crumlin Dublin 12,800,2019-02-05house-share.csv
16 Millrace Avenue Saggart Co. Dublin,525,2019-02-05house-share.csv
Galtymore Road Drimnagh Dublin 12,640,2019-02-05house-share.csv
6 Castle Court Killiney Hill Road Killiney Co. Dublin,650,2019-02-05house-share.csv
Hunters Wood Ballycullen Dublin 24,500,2019-02-05house-share.csv
Hansted Grove Lucan Co. Dublin,650,2019-02-05house-share.csv
Allen Park Road Stillorgan Co. Dublin,675,2019-02-05house-share.csv
Broadford Ballinteer Dublin 16,750,2019-02-05house-share.csv
Ballinteer Ballinteer Dublin 16,800,2019-02-05house-share.csv
Hilton Gardens Ballinteer Dublin 16,650,2019-02-05house-share.csv
Stapolin Lawns Baldoyle Dublin 13,500,2019-02-05house-share.csv
Norfolk Road Phibsborough Dublin 7,800,2019-02-05house-share.csv
Ranelagh Avenue Ranelagh Dublin 6,900,2019-02-05house-share.csv
Ashton Rise Cloghran Co. Dublin,580,2019-02-05house-share.csv
Leopardstown Avenue Leopardstown Dublin 18,500,2019-02-05house-share.csv
Terenure Road North Terenure Dublin 6,950,2019-02-05house-share.csv
30 Whatley Hall Archerswood Clonee Dublin 15 Clonee Dublin 15,600,2019-02-05house-share.csv
Dingle Road Cabra Dublin 7,599,2019-02-05house-share.csv
South Circular Road Kilmainham Dublin 8,950,2019-02-05house-share.csv
16 Annesley Place North Strand Dublin 3,900,2019-02-05house-share.csv
35 Annfield Crescent Carpenterstown Dublin 15,600,2019-02-05house-share.csv
Temple Square Dartry Dublin 6,700,2019-02-05house-share.csv
5 Church Park Way Harolds Cross Harold'S Cross Dublin 6,500,2019-02-05house-share.csv
4 Griffeen Glen Court Lucan Co. Dublin,650,2019-02-05house-share.csv
Monastery Gate Clondalkin Dublin 22,520,2019-02-05house-share.csv
3 Irishtown Road Ringsend Dublin 4,800,2019-02-05house-share.csv
Roselawn Road Blanchardstown Dublin 15,560,2019-02-05house-share.csv
Saint Agnes Terrace Crumlin Village Walkinstown Dublin 12,600,2019-02-05house-share.csv
Heuston Square Inchicore Road Kilmainham Inchicore Dublin 8,725,2019-02-05house-share.csv
33 Stationcourt Hall Coolmine Dublin 15,600,2019-02-05house-share.csv
Hollybank Avenue Ranelagh Dublin 6,700,2019-02-05house-share.csv
15 Donnybrook Court Donnybrook Dublin 4,800,2019-02-05house-share.csv
Collinswood Collins Avenue Beaumont Dublin 9,400,2019-02-05house-share.csv
Dalcassians Phibsborough Dublin 7,475,2019-02-05house-share.csv
The Gallops Leopardstown Dublin 18,700,2019-02-05house-share.csv
1 Myross Mews Strand Road Sandymount Dublin 4,950,2019-02-05house-share.csv
Near 3 Arena North Wall Dublin 1,1250,2019-02-05house-share.csv
Westerton House Ballinteer Road Dundrum Dublin 16,800,2019-02-05house-share.csv
Westerton Rise Dundrum Dublin 14,800,2019-02-05house-share.csv
7 Skipton Honeypark Dun Laoghaire Dun Laoghaire Co. Dublin,950,2019-02-05house-share.csv
16 St Mochtas Green Clonsilla Dublin 15,650,2019-02-05house-share.csv
2 College Park Way Balally Ballinteer Dublin 16,600,2019-02-05house-share.csv
Alderwood ParkSpringfieldTallaght.D24 Tallaght Dublin 24,580,2019-02-05house-share.csv
Belgree Heights Tyrrelstown Dublin 15,470,2019-02-05house-share.csv
1 The Court Mulhuddart Woods Blanchardstown Dublin 15,0,2019-02-05house-share.csv
Hunterswood Ballycullen Dublin 24 Ballycullen Dublin 16,750,2019-02-05house-share.csv
Beside Poppintree Park Ballymun Co. Dublin,600,2019-02-05house-share.csv
Farmleigh Close Stillorgan Co. Doublen Stillorgan Co. Dublin,700,2019-02-05house-share.csv
Spire View 23 Cabra Dublin 7,650,2019-02-05house-share.csv
258A Plums Road Wedgewood D18 Kilmacud Co. Dublin,610,2019-02-05house-share.csv
Fairways Park Glasnevin Dublin 11,600,2019-02-05house-share.csv
38 Glengarriff Parade Phibsborough Dublin 7,850,2019-02-05house-share.csv
11A Laurel Avenue Dundrum Dublin 14,710,2019-02-05house-share.csv
Grange Manor Avenue Ratfarnham D16 Rathfarnham Dublin 14,480,2019-02-05house-share.csv
Cromwell'S Fort Road 38 Walkinstown Dublin 12,700,2019-02-05house-share.csv
Off Sean Macdermott Street Dublin 1,990,2019-02-05house-share.csv
Murtagh Road Stoneybatter Dublin 7,850,2019-02-05house-share.csv
The Park Mulhuddart Dublin 15,430,2019-02-05house-share.csv
15 Ormond Road Drumcondra Dublin 3,750,2019-02-05house-share.csv
Monalea Wood Firhouse Dublin 24,600,2019-02-05house-share.csv
14 Dromore Road Drimnagh Dublin 12,650,2019-02-05house-share.csv
62 Marion Cresent Rathfarnham Dublin 14 Rathfarnham Dublin 14,600,2019-02-05house-share.csv
37 Trimleston Park Booterstown Co. Dublin,550,2019-02-05house-share.csv
Cabra Road Phibsborough Dublin 7,450,2019-02-05house-share.csv
Berryfield Finnstown Priory Lucan Co. Dublin,700,2019-02-05house-share.csv
Rossberry Terrace Lucan Co. Dublin,650,2019-02-05house-share.csv
Home Farm Road Drumcondra Dublin 3,340,2019-02-05house-share.csv
10 Hazelwood Park Artane Dublin 5,460,2019-02-05house-share.csv
Boroimhe Laurels Swords Co. Dublin,560,2019-02-05house-share.csv
Levmoss Avenue Leopardstown Dublin 18,550,2019-02-05house-share.csv
70 Maryfield Crescent Artane Dublin 5,740,2019-02-05house-share.csv
70 Maryfield Crescent Artane Dublin 5,520,2019-02-05house-share.csv
35 Longview Mews Millers Glen Swords Co. Dublin,650,2019-02-05house-share.csv
Clonmore Road North Strand Dublin 3,660,2019-02-05house-share.csv
Brennanstow Road Cabinteely D18 Cabinteely Dublin 18,590,2019-02-05house-share.csv
Belmayne Park North Balgriffin Dublin 13,650,2019-02-05house-share.csv
Bellgree Boulevard Tyrrelstown Dublin 15,500,2019-02-05house-share.csv
17 Carrigmore Park Aylesbury Tallaght Dublin 24,390,2019-02-05house-share.csv
22 Ballintyre Meadows Ballinteer Dublin 16,600,2019-02-05house-share.csv
Carrigmore Way Citywest. Citywest Co. Dublin,480,2019-02-05house-share.csv
34 Barry Drive Finglas Dublin 11 Finglas Dublin 11,600,2019-02-05house-share.csv
Woodford Road Clondalkin Dublin 22,600,2019-02-05house-share.csv
Stella Gardens Ringsend Dublin 4,1050,2019-02-05house-share.csv
6 Earls Court Cabra Dublin 7,800,2019-02-05house-share.csv
3 Springvale Millview Road Malahide Co. Dublin Malahide Dublin 13,900,2019-02-05house-share.csv
Drynam Hall Kinsealy Co. Dublin,575,2019-02-05house-share.csv
50 Patrician Villas Stillorgan Stillorgan Co. Dublin,900,2019-02-05house-share.csv
11 Mt Argus Terrace Harold'S Cross Dublin 6,475,2019-02-05house-share.csv
Druid Valley Cherrywood Co. Dublin,750,2019-02-05house-share.csv
Willow Road Dundrum Dublin 14,600,2019-02-05house-share.csv
Kimmage Road West Kimmage Dublin 6W,680,2019-02-05house-share.csv
Riversdale Clondalkin Dublin 22,650,2019-02-05house-share.csv
Templeview Clarehall Dublin 13,450,2019-02-05house-share.csv
Limekiln Lane Balgriffin Dublin 13,500,2019-02-05house-share.csv
Tara Cove Balbriggan Co. Dublin,550,2019-02-05house-share.csv
Greenfort Lawns Clondalkin Dublin 22,500,2019-02-05house-share.csv
Gate Lodge Kings Inns Constitution Hill Dublin 7,690,2019-02-05house-share.csv
9 The Green Pheasant Run Clonee Dublin 15,550,2019-02-05house-share.csv
Perrystown Terenure Dublin 6W,560,2019-02-05house-share.csv
71 Newbrook Ave Donaghmede Dublin 13,550,2019-02-05house-share.csv
Boroimhe Birches Swords Co. Dublin,450,2019-02-05house-share.csv
Dundrum Off Sandyford Road Dundrum Dublin 14,595,2019-02-05house-share.csv
Clareville Road Harold'S Cross Dublin 6,583,2019-02-05house-share.csv
Kimmage Rd W Kimmage Dublin 6W,650,2019-02-05house-share.csv
Manor Grove Terenure Dublin 6W,560,2019-02-05house-share.csv
San Antone Beechwood Lawn Rochestown Avenue Dun Laoghaire Co. Dublin,520,2019-02-05house-share.csv
Glebe Square Newcastle Co. Dublin,550,2019-02-05house-share.csv
Palmerston Place Phibsborough Dublin 7,680,2019-02-05house-share.csv
100 Tyrconnell Road Inchicore Dublin 8,485,2019-02-05house-share.csv
22 Shanid Road Harold'S Cross Dublin 6,525,2019-02-05house-share.csv
Balrothery Tallaght Dublin 24,440,2019-02-05house-share.csv
Temple Place Ranelagh Dublin 6,600,2019-02-05house-share.csv
Beaumont Road Whitehall Beaumont Dublin 9,650,2019-02-05house-share.csv
Orlagh Court Knocklyon Dublin 16,600,2019-02-05house-share.csv
Ashfield Park Mulhuddart Dublin 15,775,2019-02-05house-share.csv
Mulhuddart Dublin 15 Mulhuddart Dublin 15,560,2019-02-05house-share.csv
Glasnamana Road Glasnevin Dublin 9,525,2019-02-05house-share.csv
16 Castleview Swords Co. Dublin,480,2019-02-05house-share.csv
22 Glentworth Park Ard Na Greine Dublin 13,300,2019-02-05house-share.csv
55 Castlefield Park Knocklyon Dublin 16,420,2019-02-05house-share.csv
Laurence Brook 1 Chapelizod Dublin 20,565,2019-02-05house-share.csv
135 Ballymun Road Glasnevin Glasnevin Dublin 9,700,2019-02-05house-share.csv
Rocwood Stillorgan Co. Dublin,700,2019-02-05house-share.csv
Marguerite Road Glasnevin Dublin 9,800,2019-02-05house-share.csv
39 Ascaill Pairc An Tsioda 0Ld Naas Road Kingswoo Citywest Co. Dublin,750,2019-02-05house-share.csv
Silken Park Kingswood Citywest Co. Dublin,750,2019-02-05house-share.csv
Charlestown Park St Margaret'S Dublin 11,550,2019-02-05house-share.csv
Castleknock Grange Castleknock Dublin 15,450,2019-02-05house-share.csv
84 Carrickhill Rise Portmarnock Co. Dublin,680,2019-02-05house-share.csv
Heytesbury Street Dublin 8,448,2019-02-05house-share.csv
Phoenix Manor Cabra Dublin 7,450,2019-02-05house-share.csv
Coppinger Walk 12 Blackrock Dublin 18,500,2019-02-05house-share.csv
Diswellstown Road Castleknock Dublin 15,1050,2019-02-05house-share.csv
15 Drynam Avenue Muileann Kettles Lane Kinsealy Co. Dublin,600,2019-02-05house-share.csv
The Green Lusk Co. Dublin,400,2019-02-05house-share.csv
Seagrave Drive Finglas Dublin 11,650,2019-02-05house-share.csv
St.Margarets Road Finglas Dublin 11,650,2019-02-05house-share.csv
Arthur Griffith Park Lucan Co. Dublin,520,2019-02-05house-share.csv
227 Hillcrest Park Glasnevin Dublin 9,600,2019-02-05house-share.csv
14 Woodthorpe Coolnevaun Upper Kilmacud Rd. Stillorgan Co. Dublin,750,2019-02-05house-share.csv
Mount Garrett Park Tyrrelstown Dublin 15,600,2019-02-05house-share.csv
71 Maryfield Crescent Artane Dublin 5,560,2019-02-05house-share.csv
29 Shackleton Park Shackleton Park Lucan Co. Dublin,700,2019-02-05house-share.csv
St.Johns Road Clondalkin Dublin 22,500,2019-02-05house-share.csv
Dublin 13 Clarehall Dublin 13,450,2019-02-05house-share.csv
Fairways Park Glasnevin Dublin 11,700,2019-02-05house-share.csv
Grove Park Lower Rathmines Road Rathmines Dublin 6,636,2019-02-05house-share.csv
Mount Pleasant Avenue Lower Ranelagh Dublin 6,636,2019-02-05house-share.csv
Jbs Student Campus Deaf Village 9,396,2019-02-05house-share.csv
2 Brookhaven Drive Blanchardstown Dublin 15,1000,2019-02-05house-share.csv
Gulistan Cottages Rathmines Dublin 6,1150,2019-02-05house-share.csv
Clonuske Balbriggan Co. Dublin,550,2019-02-05house-share.csv
Newcastle Road Lucan Co. Dublin,600,2019-02-05house-share.csv
47 Auburn Drive Killiney Co. Dublin,560,2019-02-05house-share.csv
Laraghcon Lucan Co. Dublin,880,2019-02-05house-share.csv
Ballycullen Road Knocklyon Dublin 16,650,2019-02-05house-share.csv
15 Tritonville Road Sandymount Dublin 4 Sandymount Dublin 4,900,2019-02-05house-share.csv
Brian Road Marino Dublin 3,400,2019-02-05house-share.csv
Shelmartin Terrace Marino Dublin 3,750,2019-02-05house-share.csv
Belarmine Place Stepaside Dublin 18,600,2019-02-05house-share.csv
Stocking Wood Green Rathfarnham Dublin 16,695,2019-02-05house-share.csv
Church Park Drive Harold'S Cross Dublin 6,750,2019-02-05house-share.csv
131 Grace Park Heights Drumcondra Dublin 3,580,2019-02-05house-share.csv
Trimleston Gardens Booterstown Co. Dublin,800,2019-02-05house-share.csv
1 Tomar Court Arbour Hill Dublin 7,650,2019-02-05house-share.csv
54 Castlefield Woods Clonsilla Road. Dublin 15 Clonsilla Dublin 15,500,2019-02-05house-share.csv
Carlingford Road Drumcondra Dublin 9,680,2019-02-05house-share.csv
Ballyboden Road Dublin 16 Rathfarnham Dublin 16,395,2019-02-05house-share.csv
Killester Park Killester Dublin 5,450,2019-02-05house-share.csv
Adamstown Lucan Co. Dublin,800,2019-02-05house-share.csv
Stratton Drive Adamstown Lucan Adamstown Co. Dublin,400,2019-02-05house-share.csv
159 Millrace Rd Phoenix Park Racecourse Castleknock Dublin 15,725,2019-02-05house-share.csv
4 Aideen Mews Terenure Dublin 6,675,2019-02-05house-share.csv
26 Riverwood Park Castleknock Dublin 15,730,2019-02-05house-share.csv
1 Garville Drive Rathgar Dublin 6,550,2019-02-05house-share.csv
72 Castlegate Grove Adamstown Co. Dublin,850,2019-02-05house-share.csv
19 Seabry Parade Malahide Co. Dublin,700,2019-02-05house-share.csv
Newgrove Avenue 22 Sandymount Dublin 4,540,2019-02-05house-share.csv
106 Carrow Road Drimnagh Dublin 12,700,2019-02-05house-share.csv
32 Rathmore Park Raheny Dublin 5,560,2019-02-05house-share.csv
Bulfin Road Area Kilmainham Dublin 8,800,2019-02-05house-share.csv
Brackenstown Avenue Swords Co. Dublin,500,2019-02-05house-share.csv
Shanliss Road Santry Dublin 9,560,2019-02-05house-share.csv
6 Leopardstown Grove Stillorgan Leopardstown Dublin 18,460,2019-02-05house-share.csv
Crinken Lane Shankill Dublin 18,650,2019-02-05house-share.csv
Fortfield Road Terenure Dublin 6W,850,2019-02-05house-share.csv
6 Fernleigh Dene Carpenterstown Dublin 15,750,2019-02-05house-share.csv
Ashcroft Raheny Dublin 5,600,2019-02-05house-share.csv
Cherrywood 83 Cabinteely Dublin 18,700,2019-02-05house-share.csv
Hazelwood Park Artane Artane Dublin 5,540,2019-02-05house-share.csv
Bath Street Ringsend Irishtown Dublin 4,590,2019-02-05house-share.csv
Garrynure Milltown Dublin 6. Milltown Dublin 6,700,2019-02-05house-share.csv
Beaumont Beaumont Dublin 9,400,2019-02-05house-share.csv
Cedar Court Terenure Dublin 6,875,2019-02-05house-share.csv
Ridgewood Close Swords Co. Dublin,450,2019-02-05house-share.csv
Lioscian Swords Co. Dublin,800,2019-02-05house-share.csv
2 Willowwood View Blanchardstown Dublin 15,550,2019-02-05house-share.csv
20 Park Avenue Clongriffin Dublin 13,560,2019-02-05house-share.csv
15 Marian Court Marian Park Baldoyle Dublin 13,520,2019-02-05house-share.csv
20 Seacrest Balbriggan Street Skerries Skerries Co. Dublin,450,2019-02-05house-share.csv
St Maelruans Park Old Bawn Tallaght Dublin 24,590,2019-02-05house-share.csv
Adamstown Square Adamstown Co. Dublin,600,2019-02-05house-share.csv
Adamstown Square Adamstown Co. Dublin,500,2019-02-05house-share.csv
Johnstown Road Cabinteely Dublin 18,400,2019-02-05house-share.csv
17 Whitethorn Crescent Artane Artane Dublin 5,550,2019-02-05house-share.csv
25 Oaktree Grove Laurel Lodge Carpenterstown Dublin 15,450,2019-02-05house-share.csv
Barton Road East Dundrum Dublin 14,640,2019-02-05house-share.csv
Royal Canal Bank Phibsborough Dublin 7,520,2019-02-05house-share.csv
Baldoyle Dublin 13 Baldoyle Dublin 13,500,2019-02-05house-share.csv
16 Pembroke Gardens Ballsbridge Dublin 4,875,2019-02-05house-share.csv
Lanndale Lawns Tallaght Dublin 24,850,2019-02-05house-share.csv
2 Effra Terrace Effra Road Rathmines Dublin 6,1250,2019-02-05house-share.csv
Killester Park Killester Dublin 5,520,2019-02-05house-share.csv
Moatfield Park St Brendans Estates Coolock Dublin 5,540,2019-02-05house-share.csv
Anne Street North Smithfield Dublin 1,1100,2019-02-05house-share.csv
Baldonnell Road Citywest Co. Dublin,550,2019-02-05house-share.csv
Belarmine Drive Stepaside Dublin 18,650,2019-02-05house-share.csv
Old Street Malahide Co. Dublin,750,2019-02-05house-share.csv
Monkstown Road Monkstown Co. Dublin,675,2019-02-05house-share.csv
Swords Manor Court Swords Co. Dublin,300,2019-02-05house-share.csv
08 Tramway Court Station Road Sutton Dublin 13,500,2019-02-05house-share.csv
44A Clonrosse Drive Ard Na Greine Dublin 13,550,2019-02-05house-share.csv
Off Bunting Road Crumlin Dublin 12,300,2019-02-05house-share.csv
121 Rowanbyrn Blackrock Blackrock Co. Dublin,650,2019-02-05house-share.csv
1 Shanliss Drive Santry Dublin 9,550,2019-02-05house-share.csv
Herberton Road Crumlin Dublin 12,640,2019-02-05house-share.csv
Collinstown Cresent Clondalkin Dublin 22,900,2019-02-05house-share.csv
Macroom AvenueDublin 17 Coolock Dublin 5,600,2019-02-05house-share.csv
Liffey Valley Lucan Co. Dublin,600,2019-02-05house-share.csv
Harrigton Strett Dublin 8,1000,2019-02-05house-share.csv
83 Collins Avenue West Beaumont Dublin 9,985,2019-02-05house-share.csv
Nangor Road Clondalkin Dublin 22,500,2019-02-05house-share.csv
2 Church Lane Rathmines Dublin 6,725,2019-02-05house-share.csv
Belarmine Crescent Stepaside Dublin 18,600,2019-02-05house-share.csv
42A Warrenhouse Road Baldoyle Dublin 13,650,2019-02-05house-share.csv
28 Coopers Wood Chapel Road Kinselay Kinsealy Co. Dublin,600,2019-02-05house-share.csv
Leinster Park Harold'S Cross Dublin 6,750,2019-02-05house-share.csv
South Circular Road Kilmainham Dublin 8,400,2019-02-05house-share.csv
Clonsilla Blanchardstown Dublin 15,600,2019-02-05house-share.csv
Synge Place Dublin 8,850,2019-02-05house-share.csv
Hampton Square Navan Road (D7) Dublin 7,750,2019-02-05house-share.csv
11 Barton Courtã¢ÂÂ©Barton Road Eastã¢ÂÂ©Dundrum Dundrum Dublin 14,600,2019-02-05house-share.csv
29 Mount Argus Grove Harold'S Cross Dublin 6,470,2019-02-05house-share.csv
13 Blessington Place Phibsborough Dublin 7,450,2019-02-05house-share.csv
Ashfield Gardens Clonsilla Dublin 15,900,2019-02-05house-share.csv
Ashfield Gardens Clonsilla Dublin 15,650,2019-02-05house-share.csv
Montpelier Gardens Infirmary Rd Dublin 7 Dublin 1,780,2019-02-05house-share.csv
Shackleton Lucan Co. Dublin,700,2019-02-05house-share.csv
31 Hermitage Road Lucan Dublin Lucan Co. Dublin,500,2019-02-05house-share.csv
Cuil Duin Citywest Co. Dublin,900,2019-02-05house-share.csv
Mount Andrew Crescent Lucan Co. Dublin,550,2019-02-05house-share.csv
11 Bluebell Avenue Bluebell Dublin 12,700,2019-02-05house-share.csv
Chapelizod Court Chapelizod Dublin 20,750,2019-02-05house-share.csv
23 The Chantries Kilsough South Balbriggan Co. Balbriggan Co. Dublin,500,2019-02-05house-share.csv
Sandy Road Rush Co. Dublin,680,2019-02-05house-share.csv
Cairnbrook Avenue Carrickmines Dublin 18,800,2019-02-05house-share.csv
42 Ballygall Road Glasnevin Dublin 9,600,2019-02-05house-share.csv
58 Whitechurch Way Ballyboden Dublin 16,760,2019-02-05house-share.csv
Russell Terrace Swords Dublin 13,380,2019-02-05house-share.csv
5 Mount Argus Court Kimmage Dublin 6W,550,2019-02-05house-share.csv
Collinstown Cresent Clondalkin Dublin 22,600,2019-02-05house-share.csv
4 Sandyford Downs Sandyford Dublin 18,650,2019-02-05house-share.csv
12 Mount Argus Crescent Harold'S Cross Kimmage Dublin 12,800,2019-02-05house-share.csv
Castleview Park Swords Co. Dublin,625,2019-02-05house-share.csv
Strand Terrace Milltown Dublin 6,840,2019-02-05house-share.csv
75 Hazelwood Park Artane Dublin 5,550,2019-02-05house-share.csv
1A Pineview Grove Aylesbury Tallaght Dublin 24,650,2019-02-05house-share.csv
Claremont Crescent Glasnevin Dublin 9,550,2019-02-05house-share.csv
Ballymount Road Lower Walkinstown Dublin 12,580,2019-02-05house-share.csv
Ballyogan Road Sandyford Dublin 18,800,2019-02-05house-share.csv
Highridge Green 25 Blackrock Dublin 14,525,2019-02-05house-share.csv
Harold Road Stoneybatter Dublin 7,825,2019-02-05house-share.csv
Old Co. Road Crumlin Dublin 12,360,2019-02-05house-share.csv
Barn Close Shanganagh Road Shankill Dublin 18,280,2019-02-05house-share.csv
23 Tritonville Court Sandymount Dublin 4,800,2019-02-05house-share.csv
Barclay Court Blackrock Co. Dublin,750,2019-02-05house-share.csv
Willow Court Cabinteely Dublin 18,700,2019-02-05house-share.csv
Swords Road Santry Dublin 9,600,2019-02-05house-share.csv
5 Lily'S Way Ongar Dublin 15,450,2019-02-05house-share.csv
8 Willow Wood View Clonsilla Clonsilla Dublin 15,450,2019-02-05house-share.csv
St. Peters Drive Walkinstown Dublin 12,540,2019-02-05house-share.csv
59 Newtownpark Avenue Opposite Newpark Centre Blackrock Co. Dublin,595,2019-02-05house-share.csv
Texas Lane Malahide Co. Dublin,750,2019-02-05house-share.csv
Sant Jarlath Roud Dublin 7,650,2019-02-05house-share.csv
65 Shanganagh Vale Cabinteely Dublin 18,660,2019-02-05house-share.csv
Saint Jarlath Road Dublin 7,700,2019-02-05house-share.csv
Walkinstown Park Walkinstown Dublin 12 Walkinstown Dublin 12,600,2019-02-05house-share.csv
Churchwell Avenue Belmayne Balgriffin Dublin 13,600,2019-02-05house-share.csv
5 Glendale Park Terenure Dublin 6,700,2019-02-05house-share.csv
Shackleton Park Lucan Co. Dublin,700,2019-02-05house-share.csv
130 Collins Avenue East Killester Dublin 3,650,2019-02-05house-share.csv
Saint John'S Wood Clontarf Dublin 3,850,2019-02-05house-share.csv
North Circular Road Phibsborough Dublin 7,630,2019-02-05house-share.csv
Fortunestown Way Citywest Co. Dublin,500,2019-02-05house-share.csv
Glenealy Road Crumlin Dublin 12,600,2019-02-05house-share.csv
Alexandra College Rathmines Dublin 6,525,2019-02-05house-share.csv
9 Churchtown Avenue Churchtown Dublin 14,720,2019-02-05house-share.csv
Boulevard Tyrrelstown Dublin 15,550,2019-02-05house-share.csv
Cappagh Road Finglas Dublin 11,440,2019-02-05house-share.csv
29 Northbrook Avenue Lower North Strand Dublin 3,700,2019-02-05house-share.csv
21 Camac Park Bluebell Dublin 12,450,2019-02-05house-share.csv
Colthurst Mews Lucan Co. Dublin,550,2019-02-05house-share.csv
29 Northbrook Avenue Lower North Strand Dublin 3,650,2019-02-05house-share.csv
3 Kennelsfort Green Palmerstown Dublin 20,600,2019-02-05house-share.csv
20 Temple Manorcourt Greenhills Dublin 12,550,2019-02-05house-share.csv
Beechdale Ballycullen Dublin 16,500,2019-02-05house-share.csv
Sundrive Road Rush Co. Dublin,600,2019-02-05house-share.csv
Barry Park Finglas Dublin 11,450,2019-02-05house-share.csv
13 Whitton Road Terenure Dublin 6W Terenure Dublin 6W,600,2019-02-05house-share.csv
Applewood Lawn Cloghran Co. Dublin,500,2019-02-05house-share.csv
Cork Dolphin'S Barn Dublin 8,600,2019-02-05house-share.csv
Greenmount Court Harold'S Cross Dublin 6,900,2019-02-05house-share.csv
4 Ingram Road Portobello Dublin 8,649,2019-02-05house-share.csv
Clareville Newtownpark Avenue Blackrock Blackrock Co. Dublin,420,2019-02-05house-share.csv
26 Redwood Hollystown Dublin 15,550,2019-02-05house-share.csv
Bealing Walk Tyrrelstown Dublin 15,450,2019-02-05house-share.csv
. Hartstown Dublin 15,600,2019-02-05house-share.csv
14 Moylaragh Rise Balbriggan Co. Dublin,450,2019-02-05house-share.csv
68 Churchfields Milltown Milltown Dublin 6,650,2019-02-05house-share.csv
3 Hansted Grove Lucan Adamstown Co. Dublin,700,2019-02-05house-share.csv
37 Glencairn Rise The Gallops Leopardstown Dublin 18,500,2019-02-05house-share.csv
Walkinstown Avenue Walkinstown Dublin 12,600,2019-02-05house-share.csv
Temple View Green Clarehall Dublin 13,375,2019-02-05house-share.csv
3 Great Western Avenue Phibsborough Dublin 7,600,2019-02-05house-share.csv
Glenview Park Tallaght Dublin 24,500,2019-02-05house-share.csv
Cromcastle Drive Kilmore Coolock Dublin 5,480,2019-02-05house-share.csv
Knockfield Manor Knocklyon Dublin 16,560,2019-02-05house-share.csv
Verschoyle Park Citywest Co. Dublin,520,2019-02-05house-share.csv
Dromard Road Drimnagh Dublin 12,560,2019-02-05house-share.csv
Abbeywood Way Lucan Co. Dublin,400,2019-02-05house-share.csv
Orwell Park Grove Templeogue Dublin 6W,560,2019-02-05house-share.csv
Ormond Lawn Swords Manor Swords Co. Dublin,440,2019-02-05house-share.csv
Portersgate Court Clonsilla Dublin 15,500,2019-02-05house-share.csv
Parkmore Drive Terenure Dublin 6W,360,2019-02-05house-share.csv
Orwell Park Dale Templeogue Dublin 6W,520,2019-02-05house-share.csv
Osprey Drive Templeogue Dublin 6W,400,2019-02-05house-share.csv
Grange Road Rathfarnham Dublin 16,500,2019-02-05house-share.csv
Foxdene Drive Lucan Co. Dublin,380,2019-02-05house-share.csv
Ashfield Way Huntstown Blanchardstown Dublin 15,400,2019-02-05house-share.csv
Orchardstown Villas Rathfarnham Dublin 14,560,2019-02-05house-share.csv
Blackditch Road Ballyfermot Dublin 10,500,2019-02-05house-share.csv
Greenwood Close Ayrfield Dublin 13,400,2019-02-05house-share.csv
Baskin Cottages Cloghran Swords Co. Dublin,600,2019-02-05house-share.csv
Pineview Road Aylesbury Tallaght Dublin 24,400,2019-02-05house-share.csv
Castleview Artane Dublin 5,520,2019-02-05house-share.csv
Willington Crescent Templeogue Dublin 6W,540,2019-02-05house-share.csv
Lambourn Avenue Clonsilla Dublin 15,500,2019-02-05house-share.csv
Wood Dale Crescent Ballycullen Dublin 24,560,2019-02-05house-share.csv
Kilnamanagh Road Walkinstown Dublin 12,500,2019-02-05house-share.csv
Verschoyle Avenue Citywest Co. Dublin,400,2019-02-05house-share.csv
Grange Abbey Grove Baldoyle Dublin 13,380,2019-02-05house-share.csv
Rockfield Avenue Perrystown Dublin 12,480,2019-02-05house-share.csv
Gurteen Avenue Ballyfermot Dublin 10,440,2019-02-05house-share.csv
Silken Park Avenue Citywest Dublin 24,600,2019-02-05house-share.csv
Willow Woods View Hartstown D15 Hartstown Dublin 15,350,2019-02-05house-share.csv
13 Finnsvale Finnstown Lucan Lucan Co. Dublin,465,2019-02-05house-share.csv
Pembroke Lane Ballsbridge Dublin 4,900,2019-02-05house-share.csv
Carrs Mill Donabate Co. Dublin,360,2019-02-05house-share.csv
Belltree Clongriffin Dublin 13,625,2019-02-05house-share.csv
Oakview Close Hartstown Clonsilla Dublin15 Clonsilla Dublin 15,650,2019-02-05house-share.csv
Levmoss Avenue Leopardstown Dublin 18,1100,2019-02-05house-share.csv
77 Leinster Road Rathmines Dublin 6,1400,2019-02-05house-share.csv
Inglewood Drive Clonsilla Dublin 15,480,2019-02-05house-share.csv
Maplewood Avenue Springfield Tallaght Dublin Kiltipper Dublin 24,500,2019-02-05house-share.csv
Knocklyon Court Knocklyon Dublin 16,500,2019-02-05house-share.csv
Belmayne Dublin 13 Balgriffin Dublin 13,750,2019-02-05house-share.csv
Kenmare Parade Dublin 7,340,2019-02-05house-share.csv
Castlegate Drive Adamstown Co. Dublin,600,2019-02-05house-share.csv
Castleknock Grange Castleknock Dublin 15,480,2019-02-05house-share.csv
147 Landen Road Ballyfermot Dublin 10,490,2019-02-05house-share.csv
Adamstown Park Adamstown Co. Dublin,500,2019-02-05house-share.csv
Tullyhall Drive Lucan Co. Dublin,650,2019-02-05house-share.csv
Silken Park Avenue Citywest Co. Dublin,450,2019-02-05house-share.csv
Hardiman Road Drumcondra Dublin 9,650,2019-02-05house-share.csv
25 Beechwood Gate Hansfield Ongar Dublin 15,500,2019-02-05house-share.csv
Stillorgan Park Avenue Stillorgan Co. Dublin,800,2019-02-05house-share.csv
Castlecurragh Vale Blanchardstown Dublin 15,650,2019-02-05house-share.csv
Oakcourt Close Palmerstown Dublin 20,700,2019-02-05house-share.csv
63 The Pines Killester Dublin 3,850,2019-02-05house-share.csv
5A Surgalstown Kilsallaghan Co. Dublin,500,2019-02-05house-share.csv
160 St James Road Greenhills Dublin 12,600,2019-02-05house-share.csv
Watson Drive Killiney Co. Dublin,675,2019-02-05house-share.csv
Downpatrick Road Crumlin Dublin 12,300,2019-02-05house-share.csv
Mayeston Hall Finglas Dublin 11,850,2019-02-05house-share.csv
10 Park House Dublin Street Baldoyle Dublin 13,875,2019-02-05house-share.csv
Redwood Hollystown Dublin 15,700,2019-02-05house-share.csv
River Lane Shankill Dublin 18,600,2019-02-05house-share.csv
Oldbridge Park Lucan Co. Dublin,550,2019-02-05house-share.csv
53 Millmount Avenue Drumcondra Dublin 9,620,2019-02-05house-share.csv
The Court Larchill Santry Dublin 9,500,2019-02-05house-share.csv
180 Hillcrest Park Glasnevin Dublin 9,600,2019-02-05house-share.csv
Church Road Cabinteely Ballybrack Co. Dublin,600,2019-02-05house-share.csv
The Paddocks Grove Adamstown Co. Dublin,550,2019-02-05house-share.csv
Temple View Area Clarehall Dublin 13,440,2019-02-05house-share.csv
36 Clonard Road Crumlin Dublin 12 Crumlin Dublin 12,800,2019-02-05house-share.csv
14 Knocksedan Wood Knocksedan Demesne Brackenstown Swords Co. Dublin,620,2019-02-05house-share.csv
7 Broadfield Avenue Rathcoole Co. Dublin,400,2019-02-05house-share.csv
3 Elder Heath Lawn Kiltipper Dublin 24,600,2019-02-05house-share.csv
25 Brookhaven Drive Blanchardstown Mulhuddart Dublin 15,550,2019-02-05house-share.csv
36 Moylaragh Road Balbriggan Balbriggan Co. Dublin,550,2019-02-05house-share.csv
120 Clonliffe Road Drumcondra Dublin 3,800,2019-02-05house-share.csv
The Boulevard Bellgree Tyrrelstown Dublin 15,500,2019-02-05house-share.csv
67 Sutton Grove Sutton Dublin 13,680,2019-02-05house-share.csv
Ellesmere Avenue Dublin 7,640,2019-02-05house-share.csv
Elmwood Park Swords Co. Dublin,480,2019-02-05house-share.csv
10 Briarfield Road Kilbarrack Dublin 5,450,2019-02-05house-share.csv
25 Valeview Lawn Cabinteely Dublin 18,680,2019-02-05house-share.csv
Nash Street Inchicore Dublin 8,1200,2019-02-05house-share.csv
Pinebrook Clonsilla Hartstown Dublin 15,700,2019-02-05house-share.csv
2 Gilford Park Sandymount Dublin 4,1000,2019-02-05house-share.csv
Marian Road Rathfarnham Dublin 14,640,2019-02-05house-share.csv
FishermanS Wharf Ringsend Dublin 4,1000,2019-02-05house-share.csv
Ivy Court Beaumont Dublin 9,650,2019-02-05house-share.csv
28 Cruagh Close Stepaside Dublin 18,450,2019-02-05house-share.csv
Off Grange Road Rathfarnham Dublin 14,550,2019-02-05house-share.csv
Glenlyon Grove Knocklyon Dublin 16,500,2019-02-05house-share.csv
106 Sycamore Road Glasnevin Dublin 11,560,2019-02-05house-share.csv
Dunsink Avenue Finglas Dublin 11,600,2019-02-05house-share.csv
Collins Park Beaumont Beaumont Dublin 9,500,2019-02-05house-share.csv
Trimleston Gardens 21 Blackrock Dublin 4,725,2019-02-05house-share.csv
Castlegate Way Adamstown Co. Dublin,550,2019-02-05house-share.csv
3 Glenbourne Way Leopardstown Valley Leopardstown Dublin 18,450,2019-02-05house-share.csv
Woodford Brewery Road Stillorgan Co. Dublin,640,2019-02-05house-share.csv
Laraghcon 134 Lucan Dublin 15,700,2019-02-05house-share.csv
120 Clonliffe Road Drumcondra Dublin 3,1200,2019-02-05house-share.csv
29 Latchford Green Castaheany Dublin 15 Ongar Dublin 15,465,2019-02-05house-share.csv
Priory West Dublin 7,600,2019-02-05house-share.csv
Mountjoy Street Dublin 1,800,2019-02-05house-share.csv
Spire View Riverston Abbey Navan Road (D7) Dublin 7,635,2019-02-05house-share.csv
Off Saint Peter'S Road Greenhills Dublin 12,400,2019-02-05house-share.csv
4 Comeragh Rd Drimnagh Drimnagh Dublin 12,450,2019-02-05house-share.csv
Alpine Heights Clondalkin Dublin 22,400,2019-02-05house-share.csv
Riverwood Castleknock Dublin 15,700,2019-02-05house-share.csv
Edgewood Lawns Blanchardstown Dublin 15,600,2019-02-05house-share.csv
Cuil Duil Avenue  CitywestD24 Citywest Co. Dublin,700,2019-02-05house-share.csv
St Conleths Road Greenhills Dublin 12,620,2019-02-05house-share.csv
92 Cas Mulhuddart Dublin 15,700,2019-02-05house-share.csv
Vernon Avenue Clontarf Dublin 3,750,2019-02-05house-share.csv
6A Carberry Road Collinswood Dublin 9,345,2019-02-05house-share.csv
Cameron Sq Dublin 8,785,2019-02-05house-share.csv
Yellow Meadows Lawn 17 Park West Dublin 12,500,2019-02-05house-share.csv
Clounties Court Malahide Co. Dublin,900,2019-02-05house-share.csv
Scholarstown Rathfarnham Dublin 14,700,2019-02-05house-share.csv
1 Ashfield Avenue Kingswood Dublin 22,695,2019-02-05house-share.csv
28 Cabinteely Crescent Cabinteely Dublin 18,650,2019-02-05house-share.csv
Belfry Crescent Citywest Co. Dublin,560,2019-02-05house-share.csv
18 Wesley Place Upper Clanbrassil Street Dublin 8,850,2019-02-05house-share.csv
Rosary Road Dublin 8,475,2019-02-05house-share.csv
36 The Green Melrose Park Kinsealy Co. Dublin,480,2019-02-05house-share.csv
90 Marley Court South Rathfarnham Dublin 14,400,2019-02-05house-share.csv
Blackhall Place Dublin 7,400,2019-02-05house-share.csv
Avondale Court Blackrock Co. Dublin,600,2019-02-05house-share.csv
55 Swords Manor Crescent Swords Co. Dublin,600,2019-02-05house-share.csv
14 Thomas Davis Street West Inchicore Dublin 8,600,2019-02-05house-share.csv
87 Clon Brugh Aikens Village Sandyford Dublin 18,650,2019-02-05house-share.csv
739 Virginia Heights Springfield Dublin 24 Tallaght Dublin 24,640,2019-02-05house-share.csv
66 Saint Peters Terrace Howth Howth Dublin 13,600,2019-02-05house-share.csv
Whitechurch Close Rathfarnham Dublin 16,600,2019-02-05house-share.csv
34 The Paddocks Grove Adamstown Co. Dublin,400,2019-02-05house-share.csv
Dublin Road Shankill Dublin 18,550,2019-02-05house-share.csv
141 Whitethorn Park Palmerstown Dublin 20,500,2019-02-05house-share.csv
Mcdonaghs Lane Brittas Brittas Co. Dublin,940,2019-02-05house-share.csv
37 Broadfield Drive Rathcoole Rathcoole Co. Dublin,700,2019-02-05house-share.csv
129 Bannow Road Cabra Dublin 7,600,2019-02-05house-share.csv
9 Glenlyon Grove Knocklyon Knocklyon Dublin 16,500,2019-02-05house-share.csv
Dartmouth Pl Ranelagh Dublin 6,1250,2019-02-05house-share.csv
55 Clonrosse Drive Ard Na Greine Dublin 13,550,2019-02-05house-share.csv
Castleview Artane Dublin 5 Artane Dublin 5,650,2019-02-05house-share.csv
Abbyvale Avenue Swords Co. Dublin,450,2019-02-05house-share.csv
76 Westpark Tallaght Village Tallaght Dublin 24,550,2019-02-05house-share.csv
27 Glenageary Park Glenageary Co. Dublin,550,2019-02-05house-share.csv
21 Saddlers Grove Mulhuddart Dublin 15,450,2019-02-05house-share.csv
Mount Eagle Leopardstown Dublin 18,700,2019-02-05house-share.csv
Mount Bellew Crescent Lucan Lucan Co. Dublin,750,2019-02-05house-share.csv
Oakton Park Ballybrack Ballybrack Co. Dublin,600,2019-02-05house-share.csv
Nutgrove Avenue Churchtown Dublin 14,1100,2019-02-05house-share.csv
8 Carrigmore Glen8 Saggart Saggart Co. Dublin,700,2019-02-05house-share.csv
Drumcliffe Road Cabra West Cabra Dublin 7,550,2019-02-05house-share.csv
108 Castleknock Elms Castleknock Dublin 15,650,2019-02-05house-share.csv
Castlefield Court 77 Clonsilla Dublin 15,800,2019-02-05house-share.csv
29 Mount Argus Park Harold'S Cross Dublin 6,650,2019-02-05house-share.csv
41A Oakview Avenue Huntstown Dublin 15,700,2019-02-05house-share.csv
Grange Lodge Avenue Clongriffin Dublin 13,500,2019-02-05house-share.csv
The Pines Frenchpark Tyrrelstown Dublin 15,890,2019-02-05house-share.csv
Ben Madigan Road Drimang Drimnagh Dublin 12,390,2019-02-05house-share.csv
Park Boulevard Tyrrelstown Dublin 15,550,2019-02-05house-share.csv
52 Adelaide Road Dublin 2,600,2019-02-05house-share.csv
22 Merchant Square East Wall Dublin 3,600,2019-02-05house-share.csv
61 Woodford Villas Clondalkin Dublin 22,600,2019-02-05house-share.csv
Ovoca Road Portobello Dublin 8,850,2019-02-05house-share.csv
Whitestown Avenue Huntstown Dublin 15,500,2019-02-05house-share.csv
7 Llewellyn Lawn Dundrum Dublin 16,650,2019-02-05house-share.csv
Main Street Chapelizod Dublin 20,650,2019-02-05house-share.csv
Lissadel Avenue Drimnagh Dublin 12,700,2019-02-05house-share.csv
Castle View Ballinteer Road Dundrum Dublin 14,1000,2019-02-05house-share.csv
5 Ashfield Park Booterstown Co. Dublin,685,2019-02-05house-share.csv
Broombridge Road Cabra Dublin 7,1200,2019-02-05house-share.csv
Monastery Gate Clondalkin Dublin 22,1166,2019-02-05house-share.csv
37A Donnybrook Road Donnybrook Dublin 4,950,2019-02-05house-share.csv
75 Mount Anville Wood Lower Kilmacud Road,840,2019-02-05house-share.csv
2 Leopardstown Abbey Carrickmines Dublin 18 Leopardstown Dublin 18,700,2019-02-05house-share.csv
Sweetmount Avenue Dundrum Dublin 14,780,2019-02-05house-share.csv
Lohunda Downs Clonsilla Clonsilla Dublin 15,800,2019-02-05house-share.csv
Beech Hill Avenue Donnybrook Dublin 4,960,2019-02-05house-share.csv
St. Augustines Park Obelisk Walk Blackrock Co. Dublin,400,2019-02-05house-share.csv
57 Jameson Orchard Malahide Co. Dublin,800,2019-02-05house-share.csv
Waterside Court Malahide Co. Dublin,580,2019-02-05house-share.csv
Mount Andrew Lucan Co. Dublin,320,2019-02-05house-share.csv
133 Corrib Road Terenure Dublin 6,500,2019-02-05house-share.csv
Watery Lane Swords Co. Dublin,600,2019-02-05house-share.csv
186 Whitebeams Rd Wedgewood Estate Sandyford Dublin 18,800,2019-02-05house-share.csv
67 Red Arches Road Baldoyle Dublin 13,550,2019-02-05house-share.csv
63 Beneavin Park Glasnevin Glasnevin Dublin 11,500,2019-02-05house-share.csv
Castlecurragh Park Mulhuddart Dublin 15,600,2019-02-05house-share.csv
63 Stannaway Road Crumlin Crumlin Dublin 12,600,2019-02-05house-share.csv
Lally Road Inchicore Dublin 8,900,2019-02-05house-share.csv
Ranelagh Ranelagh Dublin 6,900,2019-02-05house-share.csv
Charnwood Heath Clonsilla Dublin 15,450,2019-02-05house-share.csv
Howth Road Raheny Raheny Dublin 5,600,2019-02-05house-share.csv
56 Griffith Parade Ballygall Finglas Dublin 11,650,2019-02-05house-share.csv
Aiken'S Village Belmont Dr Stepaside Dublin 18,750,2019-02-05house-share.csv
21 Summerfield Green Clonsilla Dublin 15,450,2019-02-05house-share.csv
Georges Wharf Phibsborough Dublin 7,500,2019-02-05house-share.csv
Willow Park Glasnevin North Poppintree Dublin 11,600,2019-02-05house-share.csv
Kincora Avenue Clontarf Dublin 3,895,2019-02-05house-share.csv
Glenbeigh Road Cabra Dublin 7,450,2019-02-05house-share.csv
Avondale Lawn Blackrock Co. Dublin,500,2019-02-05house-share.csv
Heuston Square Inchicore Dublin 8,500,2019-02-05house-share.csv
Shanowen Avenue Santry Dublin 9,662,2019-02-05house-share.csv
Ashfield Avenue Ranelagh Dublin 6,950,2019-02-05house-share.csv
Hunters Run Clonee Dublin 15,585,2019-02-05house-share.csv
Beverton Rise 23 Donabate Dublin 15,600,2019-02-05house-share.csv
Parkside Balgriffin Dublin 13,600,2019-02-05house-share.csv
Botanic Avenue Drumcondra Dublin 3,840,2019-02-05house-share.csv
Botanic Av. Drumcondra Dublin 3,800,2019-02-05house-share.csv
Ladys Lane Kilmainham Dublin 8,650,2019-02-05house-share.csv
Myrtle House Longfield Road Clongriffin Dublin 13,800,2019-02-05house-share.csv
Burrow Rd Howth Dublin 13,850,2019-02-05house-share.csv
90 New Cabra Rd Phibsborough Dublin 7,750,2019-02-05house-share.csv
Shantalla Road Santry Dublin 9,750,2019-02-05house-share.csv
172 Iveragh Road Whitehall Dublin 9,660,2019-02-05house-share.csv
161 Woodfield Knocklyon Dublin 16,550,2019-02-05house-share.csv
8 Rosse Court Terrace Lucan Co. Dublin,500,2019-02-05house-share.csv
Ayrield Park Ayrfield Dublin 13,400,2019-02-05house-share.csv
Furry Park Road Killester Dublin 3,650,2019-02-05house-share.csv
31 Ashton Rise Ashton Broc Swords Co. Dublin,650,2019-02-05house-share.csv
Boroimhe Swords Co. Dublin,780,2019-02-05house-share.csv
Royal Canal Court Phibsborough Dublin 7 Dublin 7,1150,2019-02-05house-share.csv
Littlepace Clonee Dublin 15,599,2019-02-05house-share.csv
Littlepace Clonee Dublin 15,600,2019-02-05house-share.csv
8 Emerald Cottages Upper Grand Canal Street Ballsbridge Dublin 4,850,2019-02-05house-share.csv
11 Grange Road Saint Patrick'S Cottages Rathfarnham Dublin 14,700,2019-02-05house-share.csv
Castle Moyne Balgriffin Dublin 13,890,2019-02-05house-share.csv
75 Mount Anville Wood Mount Merrion Co. Dublin,840,2019-02-05house-share.csv
53 Lower Mount Pleasant Avenue Ranelagh Dublin 6,800,2019-02-05house-share.csv
Seabury Malahide Co. Dublin,850,2019-02-05house-share.csv
Bayview Lawns Killiney Co. Dublin,600,2019-02-05house-share.csv
72 Brickfield Drive Crumlin Dublin 12,600,2019-02-05house-share.csv
Shanard Ave Santry Dublin 9,460,2019-02-05house-share.csv
Mill Road Saggart Co. Dublin,550,2019-02-05house-share.csv
Collins Avenue Dublin 9 Whitehall Dublin 9,650,2019-02-05house-share.csv
138 Shantalla Rd Santry Dublin 9,500,2019-02-05house-share.csv
122 Earslfort Road Lucan Co. Dublin,600,2019-02-05house-share.csv
Mespil Road Ballsbridge Dublin 4,1200,2019-02-05house-share.csv
De Courcey Square Glasnevin Dublin 9,600,2019-02-05house-share.csv
Arnott Street Portobello Dublin 8,900,2019-02-05house-share.csv
Harolds Grange Road Rathfarnham Dublin 14,500,2019-02-05house-share.csv
Huntstown Dublin 15 Blanchardstown Dublin 15,640,2019-02-05house-share.csv
Baggot Lane Ballsbridge Dublin 4,900,2019-02-05house-share.csv
1 Castleknock Way Castleknock Dublin 15,650,2019-02-05house-share.csv
Moy Glas Way Lucan Co. Dublin,500,2019-02-05house-share.csv
Lissadel Drive Drimnagh Dublin 12,800,2019-02-05house-share.csv
7 Ballintyre Meadows Ballinteer Dublin 16,850,2019-02-05house-share.csv
Brananstown Rd. Cabinteely Dublin 18,400,2019-02-05house-share.csv
Kennington Road Templeogue Dublin 6W,500,2019-02-05house-share.csv
Castleview Meadows Swords Co. Dublin,400,2019-02-05house-share.csv
21 Millgate Drive Perry'S Town Perrystown Dublin 12,500,2019-02-05house-share.csv
Spire View Lane Rathgar Dublin 6,975,2019-02-05house-share.csv
Alderwood Court Springfield Tallaght Dublin 24,560,2019-02-05house-share.csv
Terenure Road East Rathgar Dublin 6,775,2019-02-05house-share.csv
8 Moyclare Road Baldoyle Dublin 13,580,2019-02-05house-share.csv
6 Ulster Street Phibsborough Dublin 7,800,2019-02-05house-share.csv
11 Clonkeen Cresent Deans Grange Co. Dublin,500,2019-02-05house-share.csv
Bird Avenue Clonskeagh Dublin 14,700,2019-02-05house-share.csv
Cabinteely Close Cabinteely Dublin 18,580,2019-02-05house-share.csv
Park View Castleknock Dublin 15,700,2019-02-05house-share.csv
Springvale Ballyboden Dublin 16,700,2019-02-05house-share.csv
Carnlough Road Cabra Dublin 7,560,2019-02-05house-share.csv
14 Hermitage Gardens Lucan Co. Dublin,1200,2019-02-05house-share.csv
11/12 Saint James'S Terrace. S.C. Road. Dublin 8. Dublin 8,900,2019-02-05house-share.csv
Rathgar Avenue Rathgar Dublin 6,675,2019-02-05house-share.csv
Red Arches Avenue Baldoyle Dublin 13,500,2019-02-05house-share.csv
Bloomfield Avenue Portobello Dublin 8,920,2019-02-05house-share.csv
2 Station Road Sutton Sutton Dublin 13,595,2019-02-05house-share.csv
Navan Road Dublin 7,700,2019-02-05house-share.csv
154 Maples Road Dundrum Dublin 14,500,2019-02-05house-share.csv
Summerseat Court Clonee Dublin 15,600,2019-02-05house-share.csv
Blackhall Place Smithfield Dublin 1,500,2019-02-05house-share.csv
Castleknock Rise 29 Castleknock Dublin 15,900,2019-02-05house-share.csv
Esker Meadow Rise Lucan Co. Dublin,480,2019-02-05house-share.csv
Wainsfort Park Terenure Dublin 6W,800,2019-02-05house-share.csv
2A Oakwood Avenue Swords Co. Dublin,360,2019-02-05house-share.csv
9 Beechfield Rise Blanchardstown Dublin 15,500,2019-02-05house-share.csv
Saggart Abbey Citywest Co. Dublin,480,2019-02-05house-share.csv
2 The Walk Scholarstown Wood Rathfarnham D.16 Rathfarnham Dublin 16,750,2019-02-05house-share.csv
Grattan Lodge Donaghmede Dublin 13,450,2019-02-05house-share.csv
Liffey Park Lucan Lucan Co. Dublin,400,2019-02-05house-share.csv
9 Oaktree Road Stillorgan Co. Dublin,700,2019-02-05house-share.csv
Hansted Road Adamstown Co. Dublin,700,2019-02-05house-share.csv
St Samson Court Balgriffin Dublin 13,600,2019-02-05house-share.csv
Elm Mount Close Beaumont Dublin 9,600,2019-02-05house-share.csv
89 Forestfield Road Rivervellay Swords Co. Dublin,600,2019-02-05house-share.csv
Aughrus Rathmichael Dales Rathmichael Shankhil Shankill Dublin 18,790,2019-02-05house-share.csv
Hunters Walk Hunterswood Ballycullen Dublin 24,500,2019-02-05house-share.csv
40 Cedarbrook Walk Cherry Orchard Dublin 10 Ballyfermot Dublin 10,520,2019-02-05house-share.csv
Willow Woods View Hartstown D15 Hartstown Dublin 15,650,2019-02-05house-share.csv
Church Road East Wall Dublin 3,225,2019-02-05house-share.csv
Castlegate Drive Adamstown Lucan Co. Dublin,500,2019-02-05house-share.csv
Clonee Court Clonee Dublin 15,600,2019-02-05house-share.csv
3 Clonskeagh Road Clonskeagh Dublin 6,420,2019-02-05house-share.csv
Longwood Park Rathfarnham Dublin 14,600,2019-02-05house-share.csv
Lennox Street Portobello Dublin 8,750,2019-02-05house-share.csv
19 Sandyford Park Sandyford Dublin 18,650,2019-02-05house-share.csv
Kenmare Parade Dublin 1,700,2019-02-05house-share.csv
Seacliff Drive Baldoyle Dublin 13,520,2019-02-05house-share.csv
76 Stillorgan Wood Stillorgan Co. Dublin,560,2019-02-05house-share.csv
19 Fonthill Abbey Ballyboden Road Rathfarnham Rathfarnham Dublin 14,600,2019-02-05house-share.csv
7 Drynam Green Drynam Hall Kinsealy Co. Dublin,550,2019-02-05house-share.csv
Main St Chapelizod Dublin 20,700,2019-02-05house-share.csv
Rathdrum Road Crumlin Dublin 12,630,2019-02-05house-share.csv
16 Drynam Drive Drynam Hall Kinsealy Kinsealy Co. Dublin,600,2019-02-05house-share.csv
13 Milesian Grove Swords Co. Dublin,500,2019-02-05house-share.csv
6 Glenmaroon Pk. Palmerstown Dublin 20,600,2019-02-05house-share.csv
154 Clontarf Road Clontarf Dublin 3,1200,2019-02-05house-share.csv
138 Leeson Street Upper Ranelagh Dublin 6,1300,2019-02-05house-share.csv
1 Roselawn Road Castleknock Dublin 15,450,2019-02-05house-share.csv
Fisherman Road Throncastle Street Ringsend Dubli Ringsend Dublin 4,650,2019-02-05house-share.csv
Willowfield Park Goatstown Dublin 14,700,2019-02-05house-share.csv
Boroimhe Birches Swords Co. Dublin,750,2019-02-05house-share.csv
26 Glen Ellan Walk Swords Swords Co. Dublin,790,2019-02-05house-share.csv
Seabury Parade Malahide Co. Dublin,400,2019-02-05house-share.csv
The Paddocks Crescent Adamstown Co. Dublin,600,2019-02-05house-share.csv
11 Castleview Heath Swords Co. Dublin,450,2019-02-05house-share.csv
The Paddocks Adamstown Co. Dublin,500,2019-02-05house-share.csv
King Street Belltree Clongriffin Dublin 13,625,2019-02-05house-share.csv
Oliver Plunkett Road Dun Laoghaire Co. Dublin,540,2019-02-05house-share.csv
8 Gainsborough Downs Malahide Co. Dublin,650,2019-02-05house-share.csv
16 Meadow Close Rathfarnham Dundrum Dublin 16,520,2019-02-05house-share.csv
223 Jamestown Road Hampton Wood Finglas Dublin 11,500,2019-02-05house-share.csv
Holywell Goatstown Dublin 14,600,2019-02-05house-share.csv
11 Clonkeen Grove Deans Grange Co. Dublin,480,2019-02-05house-share.csv
33 Wood Dale Drive Ballycullen View Dublin 24 Ballycullen Dublin 16,600,2019-02-05house-share.csv
St.Kevin'S Rd Portobello Dublin 8,940,2019-02-05house-share.csv
Glenhill Dublin 11 Glasnevin Dublin 11,700,2019-02-05house-share.csv
Dunmore Lawns Kingswood Dublin 22,550,2019-02-05house-share.csv
86 O Rourke Park Sallynoggin Co. Dublin,480,2019-02-05house-share.csv
2 Bremore Pastures Green Balbriggan Co. Dublin,500,2019-02-05house-share.csv
Keeper Road Drimnagh Dublin 12,640,2019-02-05house-share.csv
