4 Windsor Road Rathmines Dublin 6,1300,2019-02-05flats-for-rent.csv
Portobello South Circular Road Dublin 8,1320,2019-02-05flats-for-rent.csv
North Circular Road Dublin 7,1350,2019-02-05flats-for-rent.csv
Vergemount Clonskeagh Dublin 14,2738,2019-02-05flats-for-rent.csv
Seatown Villas Swords Co. Dublin,1100,2019-02-05flats-for-rent.csv
Ranelagh Village Ranelagh Dublin 6 Ranelagh Dublin 6,950,2019-02-05flats-for-rent.csv
74 Eccles Street Dublin 7,1000,2019-02-05flats-for-rent.csv
St. Ignatius Road Dublin 7,2500,2019-02-05flats-for-rent.csv
Jones Road Drumcondra Dublin 3,1750,2019-02-05flats-for-rent.csv
Greentrees Drive Perrystown Dublin 12,1250,2019-02-05flats-for-rent.csv
Cabra Park Phibsborough Dublin 7,1450,2019-02-05flats-for-rent.csv
Upper Clanbrassil Street Portobello Dublin 8,1243,2019-02-05flats-for-rent.csv
Grosvenor Place Rathmines Dublin 6,1500,2019-02-05flats-for-rent.csv
1 Bayswater Terrace Breffni Road Sandycove Co. Dublin,1350,2019-02-05flats-for-rent.csv
Carrigmore Place Citywest Co. Dublin,1160,2019-02-05flats-for-rent.csv
1 Roebuck House Clonskeagh Dublin 14,2950,2019-02-05flats-for-rent.csv
Grange Road Baldoyle Dublin 13,1150,2019-02-05flats-for-rent.csv
Nutgrove Ave Churchtown Dublin 14,1500,2019-02-05flats-for-rent.csv
66 Mckee Park Blackhorse. Ave Arbour Hill Dublin 7,1300,2019-02-05flats-for-rent.csv
15 Tamarisk Drive Kilnamanagh Dublin 24,1150,2019-02-05flats-for-rent.csv
Brighton Road Rathgar Dublin 6,1850,2019-02-05flats-for-rent.csv
Upper Buckingham Street Dublin 1,2000,2019-02-05flats-for-rent.csv
55 Crumlin Road Crumlin Dublin 12,1165,2019-02-05flats-for-rent.csv
93 St Ignatius Road Phibsborough Dublin 7,1250,2019-02-05flats-for-rent.csv
Benmadigan Road Drimnagh Dublin 12,1200,2019-02-05flats-for-rent.csv
27 Willow Park Grove Glasnevin Glasnevin Dublin 11,1100,2019-02-05flats-for-rent.csv
4 Windsor Road Rathmines Dublin 6,1300,2019-02-05flats-for-rent.csv
Portobello South Circular Road Dublin 8,1320,2019-02-05flats-for-rent.csv
North Circular Road Dublin 7,1350,2019-02-05flats-for-rent.csv
Vergemount Clonskeagh Dublin 14,2738,2019-02-05flats-for-rent.csv
Seatown Villas Swords Co. Dublin,1100,2019-02-05flats-for-rent.csv
Ranelagh Village Ranelagh Dublin 6 Ranelagh Dublin 6,950,2019-02-05flats-for-rent.csv
74 Eccles Street Dublin 7,1000,2019-02-05flats-for-rent.csv
St. Ignatius Road Dublin 7,2500,2019-02-05flats-for-rent.csv
Jones Road Drumcondra Dublin 3,1750,2019-02-05flats-for-rent.csv
Greentrees Drive Perrystown Dublin 12,1250,2019-02-05flats-for-rent.csv
Cabra Park Phibsborough Dublin 7,1450,2019-02-05flats-for-rent.csv
Upper Clanbrassil Street Portobello Dublin 8,1243,2019-02-05flats-for-rent.csv
Grosvenor Place Rathmines Dublin 6,1500,2019-02-05flats-for-rent.csv
1 Bayswater Terrace Breffni Road Sandycove Co. Dublin,1350,2019-02-05flats-for-rent.csv
Carrigmore Place Citywest Co. Dublin,1160,2019-02-05flats-for-rent.csv
1 Roebuck House Clonskeagh Dublin 14,2950,2019-02-05flats-for-rent.csv
Grange Road Baldoyle Dublin 13,1150,2019-02-05flats-for-rent.csv
Nutgrove Ave Churchtown Dublin 14,1500,2019-02-05flats-for-rent.csv
66 Mckee Park Blackhorse. Ave Arbour Hill Dublin 7,1300,2019-02-05flats-for-rent.csv
15 Tamarisk Drive Kilnamanagh Dublin 24,1150,2019-02-05flats-for-rent.csv
Brighton Road Rathgar Dublin 6,1850,2019-02-05flats-for-rent.csv
Upper Buckingham Street Dublin 1,2000,2019-02-05flats-for-rent.csv
55 Crumlin Road Crumlin Dublin 12,1165,2019-02-05flats-for-rent.csv
93 St Ignatius Road Phibsborough Dublin 7,1250,2019-02-05flats-for-rent.csv
Benmadigan Road Drimnagh Dublin 12,1200,2019-02-05flats-for-rent.csv
27 Willow Park Grove Glasnevin Glasnevin Dublin 11,1100,2019-02-05flats-for-rent.csv
