25 Upper Pembroke Street Dublin 2,3400,2019-02-06apartments-for-rent.csv
25 Upper Pembroke Street Dublin 2,3500,2019-02-06apartments-for-rent.csv
Capital Dock Sir John Rogerson'S Quay Grand Canal Dock Dublin 2,3300,2019-02-06apartments-for-rent.csv
Capital Dock Sir John Rogerson'S Quay Grand Canal Dock Dublin 2,2400,2019-02-06apartments-for-rent.csv
Capital Dock Sir John Rogerson'S Quay Grand Canal Dock Dublin 2,4400,2019-02-06apartments-for-rent.csv
Orwell Woods Dartry Dublin 6,2950,2019-02-06apartments-for-rent.csv
Elmwood Avenue Ranelagh Ranelagh Dublin 6,4000,2019-02-06apartments-for-rent.csv
Dunluce Anglesea Road Ballsbridge Dublin 4,3250,2019-02-06apartments-for-rent.csv
Number 1 Ballsbridge Shelbourne Road Ballsbridge Dublin 4,19000,2019-02-06apartments-for-rent.csv
Number 1 Ballsbridge Shelbourne Road Ballsbridge Dublin 4,6000,2019-02-06apartments-for-rent.csv
Number 1 Ballsbridge Shelbourne Road Ballsbridge Dublin 4,5000,2019-02-06apartments-for-rent.csv
Number 1 Ballsbridge Shelbourne Road Ballsbridge Dublin 4,5500,2019-02-06apartments-for-rent.csv
Dartry House Orwell Woods Rathgar Dublin 6,2950,2019-02-06apartments-for-rent.csv
The Crescent Building Park West Dublin 12,1850,2019-02-06apartments-for-rent.csv
Merton Hall Milltown Avenue Mount Saint Annes Milltown Dublin 6,2040,2019-02-06apartments-for-rent.csv
Forsterway Swords Co. Dublin,1350,2019-02-06apartments-for-rent.csv
Grand Canal 24 Pearse Square Dublin 2,2560,2019-02-06apartments-for-rent.csv
Whitworth Road D9 Glasnevin Dublin 9,1000,2019-02-06apartments-for-rent.csv
Whitworth Road Dublin 9 Glasnevin Dublin 9,1000,2019-02-06apartments-for-rent.csv
Adelaide Square Dublin 2,3400,2019-02-06apartments-for-rent.csv
Grantham Street Portobello Dublin 8,3500,2019-02-06apartments-for-rent.csv
Fernbank Churchtown Road Upper Churchtown Dublin 14,2350,2019-02-06apartments-for-rent.csv
Bramley Hall Diswellstown Avenue Hamilton Park Castleknock Dublin 15,2100,2019-02-06apartments-for-rent.csv
Hanover Dock Grand Canal Dock Dublin 2,3900,2019-02-06apartments-for-rent.csv
Pembroke Hall Ballsbridge Dublin 4,3900,2019-02-06apartments-for-rent.csv
Apt.47 Fishermans Wharf Ringsend Dublin 4,2200,2019-02-06apartments-for-rent.csv
The Rise Whitehall Whitehall Dublin 9,1400,2019-02-06apartments-for-rent.csv
Whitworth Road Wigan Road Drumcondra D9 Glasnevin Dublin 9,1400,2019-02-06apartments-for-rent.csv
20 Belfield Park Stillorgan Co. Dublin,2100,2019-02-06apartments-for-rent.csv
Mobhi Court Drumcondra Dublin 9,2200,2019-02-06apartments-for-rent.csv
Castle Lawns Kilgobbin Wood Sandyford Dublin 18,2200,2019-02-06apartments-for-rent.csv
Alexander Court Fenian Street Dublin 2 Dublin 2,10000,2019-02-06apartments-for-rent.csv
O'Callaghan Court Grand Canal Dublin 2,2800,2019-02-06apartments-for-rent.csv
Cathedral Court Dublin 2,2800,2019-02-06apartments-for-rent.csv
The Marker Residence Grand Canal Square Grand Ca Dublin 2,3335,2019-02-06apartments-for-rent.csv
258 The Marina Village Malahide Malahide Co. Dublin,2700,2019-02-06apartments-for-rent.csv
Northbank Apartments Castleforbes Road Dublin 1,2350,2019-02-06apartments-for-rent.csv
Northbank Castleforbes Road Dublin 1,1950,2019-02-06apartments-for-rent.csv
Beaufort Downs Rathfarnham Dublin 14,2000,2019-02-06apartments-for-rent.csv
Cranmer Lane Ballsbridge Dublin 4,2600,2019-02-06apartments-for-rent.csv
32 Millennium Tower Charlotte Quay. Grand Canal Dock Dublin 4,6000,2019-02-06apartments-for-rent.csv
Castleforbes Square Castleforbes Road Dublin 1,2100,2019-02-06apartments-for-rent.csv
Hanover Quay Grand Canal Dock Dublin 2,5000,2019-02-06apartments-for-rent.csv
North Great George Street Ifsc Dublin 1,3000,2019-02-06apartments-for-rent.csv
Hanover Riverside Hanover Quay Dublin 2,4000,2019-02-06apartments-for-rent.csv
Warrington Place Dublin 2,4200,2019-02-06apartments-for-rent.csv
Warrington Place Dublin 2,3950,2019-02-06apartments-for-rent.csv
Marianella Rathgar Dublin 6,2850,2019-02-06apartments-for-rent.csv
Clancy Quay Phase Two By Kennedy Wilson Dublin 8,2000,2019-02-06apartments-for-rent.csv
Corrig Hall Ticknock Hill Sandyford Dublin 18 Sandyford Dublin 18,2000,2019-02-06apartments-for-rent.csv
Castlepark Road Dalkey Co. Dublin Dalkey Co. Dublin,5100,2019-02-06apartments-for-rent.csv
North Great George Street Dublin 1,3000,2019-02-06apartments-for-rent.csv
Viking Harbour Usher'S Island Dublin 8,1550,2019-02-06apartments-for-rent.csv
105 Temple Court Santry Dublin 9,2300,2019-02-06apartments-for-rent.csv
Hanover Lofts Hanover Street East Grand Canal Dock Dublin 2,3380,2019-02-06apartments-for-rent.csv
Merrion Road Ballsbridge Dublin 4,2765,2019-02-06apartments-for-rent.csv
24 Donnybrook Green Donnybrook Dublin 4,2500,2019-02-06apartments-for-rent.csv
Asgard Road Grand Canal Dock Dublin 2,2900,2019-02-06apartments-for-rent.csv
No 4 Airfield Court Donnybrook Dublin 4,2000,2019-02-06apartments-for-rent.csv
Hanover Riverside Grand Canal Dock Dublin 2,3980,2019-02-06apartments-for-rent.csv
Pembroke Row Dublin 2,3940,2019-02-06apartments-for-rent.csv
Howth Lodge Howth Dublin 13,2995,2019-02-06apartments-for-rent.csv
Custom House Harbour Ifsc Dublin 1,2600,2019-02-06apartments-for-rent.csv
Sarsfield Quay Apartments Sarsfield Quay Smithfield Dublin 7,2700,2019-02-06apartments-for-rent.csv
The Pavilion Marine Road Dun Laoghaire Co. Dublin,4340,2019-02-06apartments-for-rent.csv
Shelbourne Hall Shelbourne Road Ballsbridge Dublin 4,3450,2019-02-06apartments-for-rent.csv
Skyview Vico Rock Sorrento Road Dalkey Co. Dublin,2500,2019-02-06apartments-for-rent.csv
Tramyard Apartments Spa Road Inchicore Dublin 8,2000,2019-02-06apartments-for-rent.csv
Mobhi Court Glasnevin Dublin 9,2200,2019-02-06apartments-for-rent.csv
51 Mount Pleasant Square Ranelagh Dublin 6 Ranelagh Dublin 6,2150,2019-02-06apartments-for-rent.csv
Sandford Lodge By Kennedy Wilson Ranelagh Dublin 6,2700,2019-02-06apartments-for-rent.csv
Sandford Lodge By Kennedy Wilson Ranelagh Dublin 6,2000,2019-02-06apartments-for-rent.csv
Merrion Plaza Dublin 2,4000,2019-02-06apartments-for-rent.csv
Cathedral Court Dublin 2,2300,2019-02-06apartments-for-rent.csv
Ocallaghan Court Grand Canal Dock Dublin 2,2350,2019-02-06apartments-for-rent.csv
Hawthorn Lodge Farmleigh Castleknock Dublin 15,2200,2019-02-06apartments-for-rent.csv
Block 1 Gallery Quay Grand Canal Quay Hanover Quay Dublin 2,2600,2019-02-06apartments-for-rent.csv
82 Braeburn The Orchard Leixlip Rd Lucan Co. Dublin,1550,2019-02-06apartments-for-rent.csv
The Marker Residence Grand Canal Square Grand Dublin 2,3060,2019-02-06apartments-for-rent.csv
176 Rathgar Road Rathmines Dublin 6,2000,2019-02-06apartments-for-rent.csv
Apt 90 Shrewsberry Park Dublin 4 Ballsbridge Dublin 4,3000,2019-02-06apartments-for-rent.csv
Les Buissonnets Frascati Road Blackrock Co. Dublin,2200,2019-02-06apartments-for-rent.csv
1 B Olddfarm Carpenterstown Dublin 15,1800,2019-02-06apartments-for-rent.csv
Apartment 85 St Gabriels Cabinteely Dublin 18,1900,2019-02-06apartments-for-rent.csv
Aston Quay Temple Bar Dublin 2,2500,2019-02-06apartments-for-rent.csv
Tyrconnell Inchicore Dublin 8,1550,2019-02-06apartments-for-rent.csv
Beacon South Quarters Sandyford Dublin 18,2250,2019-02-06apartments-for-rent.csv
The Grange Brewery Road Stillorgan Co. Dublin,2400,2019-02-06apartments-for-rent.csv
Vantage By Kennedy Wilson Central Park Leopardst Sandyford Dublin 18,3886,2019-02-06apartments-for-rent.csv
The Grange Brewery Road Stillorgan Co. Dublin,2950,2019-02-06apartments-for-rent.csv
St Stephens Green Dublin 2,2500,2019-02-06apartments-for-rent.csv
Semple House Ifsc Dublin 1,2235,2019-02-06apartments-for-rent.csv
15 Donnybrook Castle Donnybrook Dublin 4,2200,2019-02-06apartments-for-rent.csv
Ticknock Hill Sandyford Dublin 18,2200,2019-02-06apartments-for-rent.csv
The Northumberlands Love Lane Lower Mount St Dublin 2,1995,2019-02-06apartments-for-rent.csv
108 Wyckham Point Wyckham Way Dundrum Dublin 16,2200,2019-02-06apartments-for-rent.csv
10 Cruagh Rise Cruagh Manor Stepaside Dublin 18,2100,2019-02-06apartments-for-rent.csv
Leeson Street Upper Ballsbridge Dublin 4,2400,2019-02-06apartments-for-rent.csv
70 Milliumum Tower Charlotte Quay Dublin 4,2750,2019-02-06apartments-for-rent.csv
53 St Samson Court Balgriffin Dublin 13 Balgriffin Dublin 13,1600,2019-02-06apartments-for-rent.csv
251 Wyckham Point Wyckham Way Dundrum D 16. Dundrum Dublin 14,2330,2019-02-06apartments-for-rent.csv
Edmondstown Road Rathfarnham Dublin 14,2050,2019-02-06apartments-for-rent.csv
65 Galtrim Grange Malahide Co. Dublin,1890,2019-02-06apartments-for-rent.csv
The Sweepstakes Ballsbridge Dublin 4,2600,2019-02-06apartments-for-rent.csv
Granite Field Manor And Mews Dun Laoghaire Unit Dun Laoghaire Co. Dublin,2100,2019-02-06apartments-for-rent.csv
Greeg Court Parnell Street Dublin 1,2500,2019-02-06apartments-for-rent.csv
Cairnbrook Manor Carrickmines Dublin 18,2350,2019-02-06apartments-for-rent.csv
Charlotte Apartments Dun Laoghaire Co. Dublin,2700,2019-02-06apartments-for-rent.csv
Castleforbes Square Ifsc Dublin 1,3400,2019-02-06apartments-for-rent.csv
The Weavers South Earl Street Dublin 8,1550,2019-02-06apartments-for-rent.csv
Dakota Court  Phibsboro Phibsborough Dublin 7,1058,2019-02-06apartments-for-rent.csv
Bow Bridge Place Kilmainham Dublin 8,3000,2019-02-06apartments-for-rent.csv
Beaumont Woods Beaumont Dublin 9,1350,2019-02-06apartments-for-rent.csv
Apartment 3 Cedar House Applewood Village Sword Swords Co. Dublin,1200,2019-02-06apartments-for-rent.csv
Mountgorry Woods Swords Co. Dublin,1750,2019-02-06apartments-for-rent.csv
109 Townsend Street Dublin 2,2000,2019-02-06apartments-for-rent.csv
The Cedars Herbert Park Lane Ballsbridge Dublin 4,1850,2019-02-06apartments-for-rent.csv
Shelbourne Plaza Ringsend Road Dublin 4,7000,2019-02-06apartments-for-rent.csv
Shelbourne Plaza South Dock Ringsend Road Dublin 4,4500,2019-02-06apartments-for-rent.csv
Belfield Court Donnybrook Dublin 4,1750,2019-02-06apartments-for-rent.csv
72 Drynam Hall Kinsealy Co. Dublin,1458,2019-02-06apartments-for-rent.csv
The Atrium Island Street Dublin 8,1450,2019-02-06apartments-for-rent.csv
Haddington Road Ballsbridge Dublin 4,2280,2019-02-06apartments-for-rent.csv
Adelaide Square Dublin 2,2940,2019-02-06apartments-for-rent.csv
Adelaide Square Penthouse Dublin 2,4100,2019-02-06apartments-for-rent.csv
Adelaide Square Dublin 2,3440,2019-02-06apartments-for-rent.csv
Adelaide Square Dublin 2,2800,2019-02-06apartments-for-rent.csv
Alexandra Walk Dublin 2,3400,2019-02-06apartments-for-rent.csv
Adelaide Square Dublin 2,3240,2019-02-06apartments-for-rent.csv
Adelaide Square Dublin 2,3000,2019-02-06apartments-for-rent.csv
Adelaide Square Dublin 2,3200,2019-02-06apartments-for-rent.csv
Royston Village Lorcan O'Toole Park Kimmage Dublin 12,2025,2019-02-06apartments-for-rent.csv
Grangegorman Lower Stoneybatter Dublin 7,800,2019-02-06apartments-for-rent.csv
Elm Park House Grange Wood Rathfarnham Dublin 16,1950,2019-02-06apartments-for-rent.csv
Beechdale Court Ballycullen Dublin 24,1800,2019-02-06apartments-for-rent.csv
Custom House Harbour Ifsc Dublin 1,2300,2019-02-06apartments-for-rent.csv
Merrion Village Ballsbridge Dublin 4,2100,2019-02-06apartments-for-rent.csv
Pavillion Dun Laoghaire Co. Dublin,4200,2019-02-06apartments-for-rent.csv
Raymond Street Dublin 8,1350,2019-02-06apartments-for-rent.csv
Marianella Orwell Road Rathgar Dublin 6 Rathgar Dublin 6,2699,2019-02-06apartments-for-rent.csv
Hsq St. Johns Rd West Kilmainham Dublin 8,2300,2019-02-06apartments-for-rent.csv
The Bottleworks Ringsend Dublin 4,2195,2019-02-06apartments-for-rent.csv
25 Pembroke Street Upper Dublin 2,3400,2019-02-06apartments-for-rent.csv
1 The Cedars Monkstown Valley Monkstown Co. Dublin,2100,2019-02-06apartments-for-rent.csv
Charlotte Quay Dock Grand Canal Dock Dublin 4,2285,2019-02-06apartments-for-rent.csv
Apt. 1 St. Nessans Thormanby Road Stunning Gr. F Howth Dublin 13,1700,2019-02-06apartments-for-rent.csv
20 The Walk Robswall Malahide Co. Dublin,1500,2019-02-06apartments-for-rent.csv
Marianella Orwell Rd Rathgar Rathgar Dublin 6,2750,2019-02-06apartments-for-rent.csv
Northumberland Road69 Ballsbridge Dublin 4,3400,2019-02-06apartments-for-rent.csv
Apt. 4 Papworth Hall Georges Hill Balbriggan Co. Dublin,1000,2019-02-06apartments-for-rent.csv
Copebridge House Spencer Dock Ifsc Dublin 1,3600,2019-02-06apartments-for-rent.csv
14 Raglan Road Ballsbridge Dublin 4,3600,2019-02-06apartments-for-rent.csv
Tramway Court Tallaght Dublin 24,1650,2019-02-06apartments-for-rent.csv
Lissenfield Rathmines Dublin 6,1780,2019-02-06apartments-for-rent.csv
Emmet Place Usher Street Dublin 2,775,2019-02-06apartments-for-rent.csv
35 St. Luke'S Gate 105,1650,2019-02-06apartments-for-rent.csv
38 St. Luke'S Gate 105,2300,2019-02-06apartments-for-rent.csv
Marianella Orwell Rd Rathgar Rathgar Dublin 6,2900,2019-02-06apartments-for-rent.csv
The Courtyard Coolmine Dublin 15,1700,2019-02-06apartments-for-rent.csv
Bracken Hill Blackglen Road Sandyford Dublin 18,2300,2019-02-06apartments-for-rent.csv
Ardilaun Court Sybil Hill Court Clontarf Dublin 3,2200,2019-02-06apartments-for-rent.csv
Iveagh Court Dublin 2,4200,2019-02-06apartments-for-rent.csv
Bridge Street Grand Canal Dock Dublin 4,3900,2019-02-06apartments-for-rent.csv
Gallery Quay Grand Canal Dock Dublin 2,3450,2019-02-06apartments-for-rent.csv
Hanover Quay Grand Canal Dock Dublin 2,4250,2019-02-06apartments-for-rent.csv
Grand Canal Quay Grand Canal Dock Dublin 2,4200,2019-02-06apartments-for-rent.csv
Grand Canal Dock Dublin 2,4250,2019-02-06apartments-for-rent.csv
Leeson Street Dublin 2,4500,2019-02-06apartments-for-rent.csv
Leeson Street Dublin 2,3750,2019-02-06apartments-for-rent.csv
Grand Canal Square Dublin 2,3450,2019-02-06apartments-for-rent.csv
18 Lower Baggot Street Dublin 2,4200,2019-02-06apartments-for-rent.csv
Leeson Street Dublin 4,3450,2019-02-06apartments-for-rent.csv
Pembroke Square Grand Canal Dock Dublin 4,4200,2019-02-06apartments-for-rent.csv
Grand Canal Square Dublin 2,4200,2019-02-06apartments-for-rent.csv
The Gasworks Dublin 4,4250,2019-02-06apartments-for-rent.csv
Millennium Tower Grand Canal Dock Dublin 2,4000,2019-02-06apartments-for-rent.csv
Grand Canal Dock Dublin 2,3450,2019-02-06apartments-for-rent.csv
Lower Baggot Street Dublin 2,4200,2019-02-06apartments-for-rent.csv
Lad Lane Baggot Street Dublin 2,4200,2019-02-06apartments-for-rent.csv
Grand Canal Square Grand Canal Dock Dublin 2,3450,2019-02-06apartments-for-rent.csv
Burton House Custom House Square Mayor St. Lower Ifsc Dublin 1,3150,2019-02-06apartments-for-rent.csv
Grand Canal Square Grand Canal Dock Dublin 2,4200,2019-02-06apartments-for-rent.csv
Hanover Quay Grand Canal Dock Dublin 2,4350,2019-02-06apartments-for-rent.csv
Grand Canal Square Dublin 2,4350,2019-02-06apartments-for-rent.csv
Iveagh Court Dublin 2,4050,2019-02-06apartments-for-rent.csv
Bridge Street Grand Canal Dock Dublin 4,4350,2019-02-06apartments-for-rent.csv
Leeson Street Dublin 2,4250,2019-02-06apartments-for-rent.csv
Grand Canal Square Grand Canal Dock Dublin 2,4000,2019-02-06apartments-for-rent.csv
Grand Canal Square Dublin 2,4000,2019-02-06apartments-for-rent.csv
Leeson Street Dublin 2,3900,2019-02-06apartments-for-rent.csv
Leeson Court Dublin 4,3600,2019-02-06apartments-for-rent.csv
Grand Canal Square Grand Canal Dock Dublin 2,4250,2019-02-06apartments-for-rent.csv
Leeson Street Dublin 2,3450,2019-02-06apartments-for-rent.csv
Lad Lane Dublin 2,4200,2019-02-06apartments-for-rent.csv
Gasworks Grand Canal Dock Dublin 2,3900,2019-02-06apartments-for-rent.csv
Ballsbridge Woods Shelbourne Road Ballsbridge Dublin 4,3900,2019-02-06apartments-for-rent.csv
Grand Canal Square Dublin 2,4250,2019-02-06apartments-for-rent.csv
Bloomfield Park Bloomfield Ave Donnybrook Dublin 4,2450,2019-02-06apartments-for-rent.csv
The Oaks Herbert Park Lane Ballsbridge Dublin 4,2500,2019-02-06apartments-for-rent.csv
75 Dorset Street Upper Dublin 1,1500,2019-02-06apartments-for-rent.csv
Parnell Square West Dublin 1,2000,2019-02-06apartments-for-rent.csv
Beacon South Quarter Sandyford Dublin 18,2300,2019-02-06apartments-for-rent.csv
Kenilworth Park Harold'S Cross Dublin 6,1200,2019-02-06apartments-for-rent.csv
Clancy Quay By Kennedy Wilson Dublin 8,1700,2019-02-06apartments-for-rent.csv
Clancy Quay By Kennedy Wilson Dublin 8,1900,2019-02-06apartments-for-rent.csv
Clancy Quay Phase Two By Kennedy Wilson Islandbridge Dublin 8,2200,2019-02-06apartments-for-rent.csv
Clancy Quay By Kennedy Wilson Islandbridge Dublin 8,2300,2019-02-06apartments-for-rent.csv
Dunluce Apartments Anglesea Road Ballsbridge Dublin 4,3100,2019-02-06apartments-for-rent.csv
Lagan House Custom House Square Ifsc Dublin 1,1850,2019-02-06apartments-for-rent.csv
Penthouse The Pines Herbert Park Lane Ballsbridge Dublin 4,3160,2019-02-06apartments-for-rent.csv
Herbert Park Lane Apts Ballsbridge Dublin 4,2950,2019-02-06apartments-for-rent.csv
Circle Court Terenure Cross Terenure Terenure Dublin 6W,2950,2019-02-06apartments-for-rent.csv
Shrewsbury Park Ballsbridge Dublin 4,4100,2019-02-06apartments-for-rent.csv
Penthouse The Pines Herbert Park Lane Ballsbridge Dublin 4,4000,2019-02-06apartments-for-rent.csv
Carrickhill Walk Portmarnock Co. Dublin,1650,2019-02-06apartments-for-rent.csv
The Pines Herbert Park Lane Apartments Ballsbridge Dublin 4,2600,2019-02-06apartments-for-rent.csv
The Pines Herbert Park Lane Apartments Ballsbridge Dublin 4,2626,2019-02-06apartments-for-rent.csv
Smithfield Market Smithfield Dublin 7,1700,2019-02-06apartments-for-rent.csv
Capital Dock Sir John Rogerson'S Quay Grand Canal Dock Dublin 2,4850,2019-02-06apartments-for-rent.csv
Capital Dock Sir John Rogerson'S Quay Grand Canal Dock Dublin 2,6500,2019-02-06apartments-for-rent.csv
Millrace Walk Citywest Co. Dublin,1750,2019-02-06apartments-for-rent.csv
North Longboat Quay Sir John Rogersons Quay Dublin 2,2400,2019-02-06apartments-for-rent.csv
57 Pembroke Road Ballsbridge Dublin 4,2700,2019-02-06apartments-for-rent.csv
Off Clonskeagh Road Clonskeagh Dublin 14,1850,2019-02-06apartments-for-rent.csv
Hanover Dock Apartments Dublin 2,2800,2019-02-06apartments-for-rent.csv
Richmond Gardens Richmond Avenue Fairview Dublin 3,1525,2019-02-06apartments-for-rent.csv
The Northumberlands Lower Mount Street Dublin 2,1800,2019-02-06apartments-for-rent.csv
Wellington Lodge Ballsbridge Dublin 4,2000,2019-02-06apartments-for-rent.csv
Radcliff Hall St.Johns Road Sandymount Dublin 4,3250,2019-02-06apartments-for-rent.csv
Cabra Park Cabra Dublin 7,2300,2019-02-06apartments-for-rent.csv
Laurel Hazeldene Ballsbridge Ballsbridge Dublin 4,3500,2019-02-06apartments-for-rent.csv
114 Grianan Fidh Aikens Village Stepaside Sandyford Dublin 18,1750,2019-02-06apartments-for-rent.csv
Lower Rathmines Road Rathmines Dublin 6,2121,2019-02-06apartments-for-rent.csv
17 Roebuck Hall Clonskeagh Dublin 14,1760,2019-02-06apartments-for-rent.csv
117 Rathmines Town Centre Rathmines Dublin 6,1724,2019-02-06apartments-for-rent.csv
18 Carmichael Hall Windy Arbour Dublin 14,1664,2019-02-06apartments-for-rent.csv
The Atrium Roebuck Hill Apts Clonskeagh Dublin 14,1800,2019-02-06apartments-for-rent.csv
Moylaragh Balbriggan Co. Dublin,1400,2019-02-06apartments-for-rent.csv
The Maltings Bonham Street Dublin 8,1650,2019-02-06apartments-for-rent.csv
St Gabriels  Cabinteely Cabinteely Dublin 18,2000,2019-02-06apartments-for-rent.csv
27 Brooklands Donnybrook Dublin 4,2750,2019-02-06apartments-for-rent.csv
Viking Harbour Dublin 8,1850,2019-02-06apartments-for-rent.csv
The Sweepstakes Ballsbridge Dublin 4,2300,2019-02-06apartments-for-rent.csv
11 Herbert Street Dublin 2,1560,2019-02-06apartments-for-rent.csv
Number 1 Ballsbridge Shelbourne Road Ballsbridge Dublin 4,3850,2019-02-06apartments-for-rent.csv
Montpelier Hill Dublin 7,1750,2019-02-06apartments-for-rent.csv
Kings Hall Phibsborough Dublin 7,1650,2019-02-06apartments-for-rent.csv
Liffey Trust By Kennedy Wilson The Point Village Dublin 1,2350,2019-02-06apartments-for-rent.csv
College View Ballymun Dublin 11,1500,2019-02-06apartments-for-rent.csv
Newtownpark Avenue Blackrock Co. Dublin,1700,2019-02-06apartments-for-rent.csv
2 Harbour View Balbriggan Co. Dublin,1750,2019-02-06apartments-for-rent.csv
68 Woodview Off Mount Merrion Avenue Blackrock Co. Dublin,2100,2019-02-06apartments-for-rent.csv
Roebuck Hill Clonskeagh Dublin 14,2200,2019-02-06apartments-for-rent.csv
Wavendon 69 Northumberland Road Ballsbridge Dub Ballsbridge Dublin 4,3400,2019-02-06apartments-for-rent.csv
The Weir Chapelizod Dublin 20,1650,2019-02-06apartments-for-rent.csv
Leinster Road Rathmines Dublin 6,1700,2019-02-06apartments-for-rent.csv
Applewood Avenue West Swords Co. Dublin,1650,2019-02-06apartments-for-rent.csv
De Bret House Loretto Abbey Rathfarnham Dublin 14,1830,2019-02-06apartments-for-rent.csv
Frascati Hall Sweetmans Ave Blackrock Co. Dublin,1990,2019-02-06apartments-for-rent.csv
Wooden Buildings Exchange Street Temple Bar Dublin 2,2800,2019-02-06apartments-for-rent.csv
7A Fownes Street Upper Temple Bar Dublin 2,1900,2019-02-06apartments-for-rent.csv
120 The Oval Tullyvale Cabinteely Dublin 18,1750,2019-02-06apartments-for-rent.csv
Charles Street Great Dublin 1,1300,2019-02-06apartments-for-rent.csv
The Orchard Greenwood Estate Ayrfield Dublin 13,1400,2019-02-06apartments-for-rent.csv
Apartment One Beacon Beacon Court Sandyford Dublin 18,2450,2019-02-06apartments-for-rent.csv
Ballycullen Avenue Firhouse Dublin 24,1600,2019-02-06apartments-for-rent.csv
32 Hill Of Down Spencer Dock Ifsc D01 Hr90 Dublin 1,2456,2019-02-06apartments-for-rent.csv
Waterville Row Blanchardstown Dublin 15,2250,2019-02-06apartments-for-rent.csv
Stralem Mews Ongar Dublin 15,1500,2019-02-06apartments-for-rent.csv
Parliament Street Dublin 2,2500,2019-02-06apartments-for-rent.csv
Loreto Abbey Rathfarnham Dublin 14,2500,2019-02-06apartments-for-rent.csv
Woodleigh Ash Rathgar Dublin 6,1850,2019-02-06apartments-for-rent.csv
Rathmines Road Upper Rathmines Dublin 6,1700,2019-02-06apartments-for-rent.csv
Rathmines Road Upper Rathmines Dublin 6,1600,2019-02-06apartments-for-rent.csv
South Richmond Street Dublin 2,1380,2019-02-06apartments-for-rent.csv
Leinster Road Rathmines Dublin 6,1508,2019-02-06apartments-for-rent.csv
2 Bed Hatch Street Lower Dublin 2,2750,2019-02-06apartments-for-rent.csv
Adelaide Square Dublin 2,3600,2019-02-06apartments-for-rent.csv
Herbert Park Lane Ballsbridge Dublin 4,2450,2019-02-06apartments-for-rent.csv
Grove Park Rathmines Dublin 6,1450,2019-02-06apartments-for-rent.csv
Lagan House Custom House Square Lower Mayor Stre Ifsc Dublin 1,1750,2019-02-06apartments-for-rent.csv
Wcykham Point Dundrum Dublin 16,2250,2019-02-06apartments-for-rent.csv
Abalone The Grange Stillorgan Co. Dublin,1768,2019-02-06apartments-for-rent.csv
Carlingford Road Drumcondra Dublin 9,1350,2019-02-06apartments-for-rent.csv
Manor Street Stoneybatter Dublin 7,1200,2019-02-06apartments-for-rent.csv
Taney Court Dundrum Dublin 14,2500,2019-02-06apartments-for-rent.csv
Castledawson Sion Hill Blackrock Co. Dublin,2890,2019-02-06apartments-for-rent.csv
Inisowen Pilot View Dalkey Dalkey Co. Dublin,2100,2019-02-06apartments-for-rent.csv
Rathborne Court Ashtown Dublin 7,2000,2019-02-06apartments-for-rent.csv
Kilgobbin Wood Sandyford Dublin 18,2100,2019-02-06apartments-for-rent.csv
The Grange Stillorgan Co. Dublin,2600,2019-02-06apartments-for-rent.csv
Sarsfield Road Kilmainham Dublin 8,2500,2019-02-06apartments-for-rent.csv
Seapark Clontarf Dublin 3,1650,2019-02-06apartments-for-rent.csv
Shelbourne Village Ringsend Road Dublin 4,2000,2019-02-06apartments-for-rent.csv
Castlegate Way Lucan Co. Dublin,2080,2019-02-06apartments-for-rent.csv
92 Seamount Booterstown Co. Dublin,2100,2019-02-06apartments-for-rent.csv
The Laurels Grattan Wood Hole In The Wall Road Donaghmede Dublin 13,1700,2019-02-06apartments-for-rent.csv
Island View Court Island View Raheny Dublin 5,2031,2019-02-06apartments-for-rent.csv
Ashbrook Howth Road Clontarf Dublin 3,2000,2019-02-06apartments-for-rent.csv
The Pines Herbert Park Lane Ballsbridge Dublin 4,2600,2019-02-06apartments-for-rent.csv
The Pines Herbert Park Lane Ballsbridge Dublin 4,4000,2019-02-06apartments-for-rent.csv
The Pines Herbert Park Lane Ballsbridge Dublin 4,3500,2019-02-06apartments-for-rent.csv
Scr Portobello Dublin 8,910,2019-02-06apartments-for-rent.csv
Herbert Park Lane Ballsbridge Dublin 4,3160,2019-02-06apartments-for-rent.csv
Bloomfield Avenue Donnybrook Dublin 4,1985,2019-02-06apartments-for-rent.csv
Southmede Dundrum Dublin 16,2300,2019-02-06apartments-for-rent.csv
Bow Bridge Place Kilmainham Dublin 8,1300,2019-02-06apartments-for-rent.csv
The Amber The Grange Brewery Road Blackrock Co. Dublin,3780,2019-02-06apartments-for-rent.csv
Grande Central Sandyford Dublin 18,3220,2019-02-06apartments-for-rent.csv
Baggot Rath Penthouse Apartment Newbridge Avenue Ballsbridge Dublin 4,4508,2019-02-06apartments-for-rent.csv
Baggot Rath 2Bs4 Newbridge Avenue Dublin 4,4200,2019-02-06apartments-for-rent.csv
The Forum Sandyford Dublin 18,3220,2019-02-06apartments-for-rent.csv
Baggot Rath 3Bs5 Newbridge Avenue Ballsbridge Dublin 4,4620,2019-02-06apartments-for-rent.csv
Aikens Village Sandyford Dublin 18,2800,2019-02-06apartments-for-rent.csv
The Cubes 3 Floor 4 Beacon South Quarter Sandyford Dublin 18,3920,2019-02-06apartments-for-rent.csv
Galloping Green Stillorgan Co Dublin Stillorgan Co. Dublin,5600,2019-02-06apartments-for-rent.csv
Ridge Hall Ballybrack Glenageary Co. Dublin,5600,2019-02-06apartments-for-rent.csv
Adelphi House Dun Laoghaire Co. Dublin,3600,2019-02-06apartments-for-rent.csv
Ferncourt Stepaside Dublin 18,3360,2019-02-06apartments-for-rent.csv
Laurel Bank Lanesville Monkstown Co. Dublin,1700,2019-02-06apartments-for-rent.csv
Oak House Serpentine Avenue Ballsbridge Dublin 4,2750,2019-02-06apartments-for-rent.csv
Bracken Hill Blackglen Road Sandyford Dublin 18,1850,2019-02-06apartments-for-rent.csv
Beech House Carrickmines Green Carrickmines Dublin 18,1800,2019-02-06apartments-for-rent.csv
The Courtyard Clonsilla Dublin 15,1600,2019-02-06apartments-for-rent.csv
Bayview Avenue North Strand Dublin 3,1650,2019-02-06apartments-for-rent.csv
Custom House Square Ifsc Dublin 1,2000,2019-02-06apartments-for-rent.csv
Dublin Road Swords Co. Dublin,1200,2019-02-06apartments-for-rent.csv
The Richmond North Brunswick Street Smithfield Dublin 7,2100,2019-02-06apartments-for-rent.csv
Windmill Terrace Clonsilla Dublin 15,1400,2019-02-06apartments-for-rent.csv
Custom House Square Ifsc Dublin 1,1800,2019-02-06apartments-for-rent.csv
Castleside Rathfarnham Dublin 14,1250,2019-02-06apartments-for-rent.csv
Grattan Hall Grand Canal Dock Dublin 2,2500,2019-02-06apartments-for-rent.csv
La Rochelle Christchurch Dublin 8,2000,2019-02-06apartments-for-rent.csv
Blackthorn Hill View Rathcoole Co. Dublin,1356,2019-02-06apartments-for-rent.csv
Castleknock Park Castleknock Dublin 15,1600,2019-02-06apartments-for-rent.csv
Millrace Green Saggart Co. Dublin,1500,2019-02-06apartments-for-rent.csv
Wellington Quay Temple Bar Dublin 2,2100,2019-02-06apartments-for-rent.csv
Lansdowne Hall Naas Road Inchicore Dublin 8,1750,2019-02-06apartments-for-rent.csv
Old Nangor Road Clondalkin Dublin 22,1875,2019-02-06apartments-for-rent.csv
The Granary Dublin 8,1716,2019-02-06apartments-for-rent.csv
Cedar Lodge Farmleigh Castleknock Dublin 15,1600,2019-02-06apartments-for-rent.csv
Hatch Place Dublin 2,1800,2019-02-06apartments-for-rent.csv
Belfry Drive Citywest Co. Dublin,1800,2019-02-06apartments-for-rent.csv
Kilmore House Spencer Dock Dublin 1,2500,2019-02-06apartments-for-rent.csv
Hampton Wood Drive Finglas Dublin 11,1600,2019-02-06apartments-for-rent.csv
Parkgate Place Islandbridge Dublin 8,2800,2019-02-06apartments-for-rent.csv
Saunders House Spencer Dock Dublin 1,3000,2019-02-06apartments-for-rent.csv
The Richmond North Brunswick Street Smithfield Dublin 1,2100,2019-02-06apartments-for-rent.csv
Oatfield Clondalkin Dublin 22,1750,2019-02-06apartments-for-rent.csv
Gandon Hall Gardiner Street Dublin 1,1700,2019-02-06apartments-for-rent.csv
Meadow Copse Blanchardstown Dublin 15,950,2019-02-06apartments-for-rent.csv
New Seskin Court Tallaght Dublin 24,1900,2019-02-06apartments-for-rent.csv
Eaton Terrace Rathcoole Co. Dublin,1250,2019-02-06apartments-for-rent.csv
Jervis Place Dublin 1,2200,2019-02-06apartments-for-rent.csv
Hazelgrove Court Tallaght Dublin 24 Tallaght Dublin 24,1200,2019-02-06apartments-for-rent.csv
Lanesborough Square Finglas Dublin 11,1550,2019-02-06apartments-for-rent.csv
Kings Court Dublin 1,1950,2019-02-06apartments-for-rent.csv
Bushy Park House Terenure Dublin 6W,2700,2019-02-06apartments-for-rent.csv
Liberty Court Clanbrassil Street Dublin 8,1535,2019-02-06apartments-for-rent.csv
Milltown Avenue Milltown Dublin 6,2050,2019-02-06apartments-for-rent.csv
Carrickmines Wood Foxrock Dublin 18,2600,2019-02-06apartments-for-rent.csv
Haddington Ballsbridge Dublin 4,1800,2019-02-06apartments-for-rent.csv
Temple Hall Milltown Dublin 6,2450,2019-02-06apartments-for-rent.csv
Iveagh Court Harcourt Dublin 2,2500,2019-02-06apartments-for-rent.csv
Studio Harcourt Lane Dublin 2,1475,2019-02-06apartments-for-rent.csv
Mount Saint Annes Milltown Dublin 6,2450,2019-02-06apartments-for-rent.csv
Harcourt Lane Dublin 2,2500,2019-02-06apartments-for-rent.csv
Herbert Park Lane Ballsbridge Dublin 4,2150,2019-02-06apartments-for-rent.csv
Joyce Hall Carrickmines Wood Foxrock Dublin 18,2600,2019-02-06apartments-for-rent.csv
The Bridge Shankill Dublin 18,2000,2019-02-06apartments-for-rent.csv
Rathgar Road Rathgar Dublin 6,1900,2019-02-06apartments-for-rent.csv
Radcliff HallSt Johns Road Sandymount Dublin 4,3250,2019-02-06apartments-for-rent.csv
49 Killiney Hill Park Killiney Co. Dublin,1866,2019-02-06apartments-for-rent.csv
Valentia House Phibsborough Dublin 7,1500,2019-02-06apartments-for-rent.csv
Apt 32 Northumberland Place Grand Canal Street Dublin 4,2400,2019-02-06apartments-for-rent.csv
32 The Coombe The Coombe Dublin 8,2500,2019-02-06apartments-for-rent.csv
Bowbridge Place Kilmainham Dublin 8,2000,2019-02-06apartments-for-rent.csv
Baileys Court Baileys Row Dublin 1,2000,2019-02-06apartments-for-rent.csv
Mountfield Park Malahide Co. Dublin,1600,2019-02-06apartments-for-rent.csv
Harcourt Lodge Inchicore Dublin 8,1800,2019-02-06apartments-for-rent.csv
Pines Apartments Herbert Park Lane Ballsbridge Dublin 4,2600,2019-02-06apartments-for-rent.csv
Bushy Park House Terenure Dublin 6W,1643,2019-02-06apartments-for-rent.csv
Smithfield Lofts North King Street Dublin 7. Smithfield Dublin 7,2200,2019-02-06apartments-for-rent.csv
Adelaide Square Dublin 2,3700,2019-02-06apartments-for-rent.csv
Mayor Street Lower Dublin 1,2760,2019-02-06apartments-for-rent.csv
Pembroke Row Dublin 2,3960,2019-02-06apartments-for-rent.csv
Alexandra Walk Dublin 2,3940,2019-02-06apartments-for-rent.csv
Alexandra Walk Dublin 2,3320,2019-02-06apartments-for-rent.csv
Adelaide Square Penthouse Dublin 2,4500,2019-02-06apartments-for-rent.csv
Red Court Oaks Seafield Road Clontarf Dublin 3,1880,2019-02-06apartments-for-rent.csv
Merrion Court Ailesbury Road Ballsbridge Dublin 4,2802,2019-02-06apartments-for-rent.csv
Grand Canal Wharf South Dock Street Ringsend Dublin 4,3750,2019-02-06apartments-for-rent.csv
Kirpatrick House Spencer Dock Dublin 1,2600,2019-02-06apartments-for-rent.csv
Railway House Malahide Co. Dublin,1650,2019-02-06apartments-for-rent.csv
Mountfield Park Malahide Malahide Co. Dublin,1900,2019-02-06apartments-for-rent.csv
The Bottleworks Ringsend Dublin 4,2000,2019-02-06apartments-for-rent.csv
Temple House Temple Street West Dublin 7,1700,2019-02-06apartments-for-rent.csv
The Sweepstakes Ballsbridge Dublin 4,1988,2019-02-06apartments-for-rent.csv
The Elms Mount Merrion Avenue Blackrock Co. Dublin,2100,2019-02-06apartments-for-rent.csv
Beacon South Quarter Sandyford Dublin 18,2796,2019-02-06apartments-for-rent.csv
Kill Avenue Dun Laoghaire Co. Dublin,1950,2019-02-06apartments-for-rent.csv
Castle Lawn Kilgobbin Wood Sandyford Dublin 18,1790,2019-02-06apartments-for-rent.csv
The Court Killiney Station Road Killiney Co. Dublin,2500,2019-02-06apartments-for-rent.csv
Batchelors Walk Apartments Dublin 2,2500,2019-02-06apartments-for-rent.csv
Cairnbrook Glenamuck Road Sandyford Dublin 18,2400,2019-02-06apartments-for-rent.csv
Cubes 6 Beacon South Quarter Sandyford Dublin 18,2200,2019-02-06apartments-for-rent.csv
Rochfort House Brennanstown Cabinteely Dublin 18,1850,2019-02-06apartments-for-rent.csv
One Beacon Beacon Hotel Sandyford Dublin 18,2500,2019-02-06apartments-for-rent.csv
Convent Hall Penthouse Mount Saint Annes Milltown Dublin 6,2950,2019-02-06apartments-for-rent.csv
The Newman The Court Station Road Killiney Co. Dublin,3500,2019-02-06apartments-for-rent.csv
Killiney Court Apartments Killiney Co. Dublin,3500,2019-02-06apartments-for-rent.csv
Cowper Hall Mount Saint Annes Milltown Dublin 6,2400,2019-02-06apartments-for-rent.csv
Milltown Hall Mount Saint Annes Milltown Dublin 6,2300,2019-02-06apartments-for-rent.csv
Killiney Court Apartments Killiney Dun Laoghaire Co. Dublin,2700,2019-02-06apartments-for-rent.csv
Aylmer Drive Newcastle Co. Dublin,1800,2019-02-06apartments-for-rent.csv
Rathgar Road Rathgar Dublin 6,1850,2019-02-06apartments-for-rent.csv
Apt 75 Shieling Sq Howth Road Raheny Dublin 5 Raheny Dublin 5,2650,2019-02-06apartments-for-rent.csv
Castleforbes Square Ifsc Dublin 1,2200,2019-02-06apartments-for-rent.csv
Fernbank Dundrum Dublin 14,2350,2019-02-06apartments-for-rent.csv
6 Sandycove House Newtownsmith Sandycove Co. Dublin,2600,2019-02-06apartments-for-rent.csv
Apt.43 The Dock Mill Barrow Street Dublin 4,2400,2019-02-06apartments-for-rent.csv
Hollybrook Foxrock Dublin 18,2950,2019-02-06apartments-for-rent.csv
Thornwood Apartments Booterstown Avenue Booterstown Co. Dublin,2080,2019-02-06apartments-for-rent.csv
Woodhaven Milltown Bridge Road Milltown Dublin 6,2400,2019-02-06apartments-for-rent.csv
Neptune House  Temple Crescent Blackrock Co. Dublin,7500,2019-02-06apartments-for-rent.csv
Neptune House  Temple Crescent Blackrock Co. Dublin,6000,2019-02-06apartments-for-rent.csv
Cooleen Avenue Beaumont Dublin 9,1000,2019-02-06apartments-for-rent.csv
49 Sydney Parade Sandymount Dublin 4,1990,2019-02-06apartments-for-rent.csv
Moeran Road Walkinstown Dublin 12,1150,2019-02-06apartments-for-rent.csv
Stewart Hall Ryders Row Parnell Street Dublin 1,1450,2019-02-06apartments-for-rent.csv
The Watermill Raheny Dublin 5,2000,2019-02-06apartments-for-rent.csv
Baltrasna House Spencer Dock Ifsc Dublin 1,2500,2019-02-06apartments-for-rent.csv
Venetian Hall Killester Dublin 3,1800,2019-02-06apartments-for-rent.csv
Timbermill Apartments Kilmore Road Artane Dublin 5,1850,2019-02-06apartments-for-rent.csv
Belfield Park Mount Merrion Co. Dublin,1995,2019-02-06apartments-for-rent.csv
Shrewsbury Square Ballsbridge Dublin 4,2650,2019-02-06apartments-for-rent.csv
Shelbourne Village Ringsend Dublin 4,2050,2019-02-06apartments-for-rent.csv
Kirkwood Park Avenue Sandymount Dublin 4,1900,2019-02-06apartments-for-rent.csv
Galloping Green Stillorgan Road Stillorgan Co. Dublin,1900,2019-02-06apartments-for-rent.csv
Balnagowan Palmerstown Park Rathmines Dublin 6,2300,2019-02-06apartments-for-rent.csv
Killiney Hill Park Killiney Hill Road Killiney Co. Dublin,1750,2019-02-06apartments-for-rent.csv
The Rectory Stepaside Dublin 18,1850,2019-02-06apartments-for-rent.csv
Carrig House Carrickbrennan Road Monkstown Co. Dublin,1450,2019-02-06apartments-for-rent.csv
Botanic Road Glasnevin Dublin 9,2600,2019-02-06apartments-for-rent.csv
Cross Avenue Blackrock Blackrock Co. Dublin,2028,2019-02-06apartments-for-rent.csv
Esker Manor Lucan Co. Dublin,1525,2019-02-06apartments-for-rent.csv
Lagan House Custom House Square Ifsc Dublin 1,2280,2019-02-06apartments-for-rent.csv
Main Street Clongriffin Dublin 13,1750,2019-02-06apartments-for-rent.csv
Collegefort Castleknock Dublin 15,1650,2019-02-06apartments-for-rent.csv
Beaucourt Achill Road Drumcondra Dublin 9,1450,2019-02-06apartments-for-rent.csv
Terenure Road West Terenure Dublin 6,2950,2019-02-06apartments-for-rent.csv
Apartment 88 Sandymount Road Sandymount Dublin 4,2850,2019-02-06apartments-for-rent.csv
Glenville Drive Blanchardstown Dublin 15,2000,2019-02-06apartments-for-rent.csv
Beechwood Court Stillorgan Co. Dublin,1600,2019-02-06apartments-for-rent.csv
Parklands Court Firhouse Dublin 24,1550,2019-02-06apartments-for-rent.csv
27 Ballintyre Grove Ballintyre Hall Ballinteer Dublin 16,1500,2019-02-06apartments-for-rent.csv
College View Ballymun Dublin 9,1800,2019-02-06apartments-for-rent.csv
Walkinstown Crescent Walkinstown Dublin 12,1150,2019-02-06apartments-for-rent.csv
Beechdale Court Ballycullen Dublin 24,1600,2019-02-06apartments-for-rent.csv
Bowbridge Place Kilmainham Dublin 8,2700,2019-02-06apartments-for-rent.csv
Rathgar Court 18,2000,2019-02-06apartments-for-rent.csv
Bridgefoot Street Dublin 8,1500,2019-02-06apartments-for-rent.csv
Allendale Square Clonsilla Dublin 15,1770,2019-02-06apartments-for-rent.csv
Hazel Lodge Castleside Drive Rathfarnham Dublin 14,1800,2019-02-06apartments-for-rent.csv
The Oaks Rockfield Dundrum Dublin 16,2200,2019-02-06apartments-for-rent.csv
Mountjoy Square East Dublin 1,1400,2019-02-06apartments-for-rent.csv
Windmill Lane,2000,2019-02-06apartments-for-rent.csv
123 Parklands Block 3 Northwood Santry D9 Santry Dublin 9,1800,2019-02-06apartments-for-rent.csv
Wicklow Court South Great Georges Street Dublin 2,1850,2019-02-06apartments-for-rent.csv
Rialto Court Rialto Dublin 8,1700,2019-02-06apartments-for-rent.csv
Jervis Place Jervis Street Dublin 7,1575,2019-02-06apartments-for-rent.csv
Waterside Block D Ballsbridge Dublin 4 Dublin 4,1945,2019-02-06apartments-for-rent.csv
James Street Dublin 8,1550,2019-02-06apartments-for-rent.csv
The Schooner Arran Quay Dublin 7,1550,2019-02-06apartments-for-rent.csv
2 The Aylesbury Donnybrook Castle Donnybrook Dublin 4,2150,2019-02-06apartments-for-rent.csv
The Pines Rockford Manor Blackrock Co. Dublin,1924,2019-02-06apartments-for-rent.csv
Lombard St. Trinity College Silicon Docks Dublin 2,2000,2019-02-06apartments-for-rent.csv
Harcourt Lodge Southern Cross Avenue Dublin 8 Inchicore Dublin 8,1450,2019-02-06apartments-for-rent.csv
Spencer Dock Dublin 1,2400,2019-02-06apartments-for-rent.csv
Mobhi Apartments Mobhi Road Drumcondra Dublin 9,1580,2019-02-06apartments-for-rent.csv
South Lotts Rd Dublin 4,2450,2019-02-06apartments-for-rent.csv
The Penthouses At Custom House Square Docklands Dublin 1,4200,2019-02-06apartments-for-rent.csv
Belfry Manor Citywest Co. Dublin,1550,2019-02-06apartments-for-rent.csv
1 Kilmore Santry Cross Santry Avenue Santry Dublin 9,2200,2019-02-06apartments-for-rent.csv
Idrone Terrace Blackrock Co. Dublin,2250,2019-02-06apartments-for-rent.csv
Kingsmill Court Bolton Street Dublin 1,1500,2019-02-06apartments-for-rent.csv
56 Timber Mill Artane Dublin 5,1700,2019-02-06apartments-for-rent.csv
Levmoss The Gallops Leopardstown Dublin 18,2400,2019-02-06apartments-for-rent.csv
Ailesbury Road Merrion Dublin 4,7500,2019-02-06apartments-for-rent.csv
Longford House Spencer Dock Ifsc Dublin 1,2800,2019-02-06apartments-for-rent.csv
De Vesci Court Monkstown Co. Dublin,2600,2019-02-06apartments-for-rent.csv
Mount Anvil Road Mount Merrion Co. Dublin,2150,2019-02-06apartments-for-rent.csv
109 Parnell Street Dublin 1,1450,2019-02-06apartments-for-rent.csv
Apt 40 Willow Ridge Hall Shangannagh Road Ballybrack Co. Dublin,2400,2019-02-06apartments-for-rent.csv
Apartment 61 Redwood Ridgehall Ballybrack Glena Ballybrack Co. Dublin,1900,2019-02-06apartments-for-rent.csv
Carrigmore Place Citywest Co. Dublin,1529,2019-02-06apartments-for-rent.csv
The Square  Haddington Rd Ballsbridge Dublin 4,2400,2019-02-06apartments-for-rent.csv
Wolfe Tone Lofts Dublin 1,2115,2019-02-06apartments-for-rent.csv
109 Parnell Street Dublin 1,1400,2019-02-06apartments-for-rent.csv
Wolfe Tone Lofts Dublin 1,1802,2019-02-06apartments-for-rent.csv
Herbert Park Muse Donnybrook Dublin 4,2600,2019-02-06apartments-for-rent.csv
Apt. 8 205 North Circular Road Dublin 7,1272,2019-02-06apartments-for-rent.csv
Basement Apartment 9 Ontario Terrace Ranelagh. D Ranelagh Dublin 6,2750,2019-02-06apartments-for-rent.csv
Serviced Apartments In Malahide Malahide Co. Dublin,3360,2019-02-06apartments-for-rent.csv
14 Hillsborough Laraghcon Lucan Co. Dublin,2200,2019-02-06apartments-for-rent.csv
Esker Manor Lucan Co. Dublin,1650,2019-02-06apartments-for-rent.csv
The Green Strand Street Malahide Malahide Co. Dublin,1735,2019-02-06apartments-for-rent.csv
Barrow Street Grand Canal Dock Dublin 2,2184,2019-02-06apartments-for-rent.csv
Phibsborough Phibsborough Dublin 7,1500,2019-02-06apartments-for-rent.csv
Clifton Mews Ranelagh Dublin 6,3200,2019-02-06apartments-for-rent.csv
Apt. 92 Glaslynn 97 Howth Road Clontarf Dublin Clontarf Dublin 3,1550,2019-02-06apartments-for-rent.csv
Apt. 41 Glaslynn 97 Howth Road Clontarf Dublin 3,2500,2019-02-06apartments-for-rent.csv
Apt. 28 Hanover Riverside Sir John Rogerson'S Qua Dublin 2,2999,2019-02-06apartments-for-rent.csv
22 Parkhouse Benson Street Grand Canal Dock Dublin 2,3685,2019-02-06apartments-for-rent.csv
Apt 95 Glaslyn 97 Howth Road Clontarf Dublin 3,1410,2019-02-06apartments-for-rent.csv
Tyrone House James Joyce Street Dublin 1,2288,2019-02-06apartments-for-rent.csv
Weavers Meath Place Dublin 8,1375,2019-02-06apartments-for-rent.csv
Oakhall Malahide Co Dublin Malahide Co. Dublin,2300,2019-02-06apartments-for-rent.csv
Grand Canal Square Dublin 2,3000,2019-02-06apartments-for-rent.csv
Camden Street Upper Dublin 2 Dublin 2,3200,2019-02-06apartments-for-rent.csv
Stephen St. Upper Dublin 2,3600,2019-02-06apartments-for-rent.csv
Clarendon St Dublin 2,3000,2019-02-06apartments-for-rent.csv
Dublin 2 Dublin 2,2000,2019-02-06apartments-for-rent.csv
Cows Lane Dublin 2,2000,2019-02-06apartments-for-rent.csv
Belvedere Place Mountjoy Square Dublin 1,1400,2019-02-06apartments-for-rent.csv
Apt. 3 191 Clonliffe Road Drumcondra Dublin 3,1550,2019-02-06apartments-for-rent.csv
Lansdowne Gate Long Mile Road Drimnagh Dublin 12,1545,2019-02-06apartments-for-rent.csv
Summerstreet North Dublin 1,1200,2019-02-06apartments-for-rent.csv
Cedar Square Ridgewood Swords Co. Dublin,1650,2019-02-06apartments-for-rent.csv
The Grange Brewery Road Stillorgan Co. Dublin,1560,2019-02-06apartments-for-rent.csv
Stanford Ardilea Clonskeagh Dublin 14,1643,2019-02-06apartments-for-rent.csv
Apartment 155 Bachelors Walk Dublin 1,2200,2019-02-06apartments-for-rent.csv
Glenwood Landscape Road Churchtown Dublin 14,1705,2019-02-06apartments-for-rent.csv
Belarmine Plaza Stepaside Dublin 18,1350,2019-02-06apartments-for-rent.csv
Willow Lodge Castleknock Dublin 15,2113,2019-02-06apartments-for-rent.csv
Custom House Square Ifsc Dublin 1,2400,2019-02-06apartments-for-rent.csv
Merrion Woods Stillorgan Stillorgan Co. Dublin,1910,2019-02-06apartments-for-rent.csv
Grace Park Manor Drumcondra Dublin 3,2100,2019-02-06apartments-for-rent.csv
Belleville Dublin 7,1875,2019-02-06apartments-for-rent.csv
Frederick Lane North Dublin 1,2400,2019-02-06apartments-for-rent.csv
Donnybrook Village Donnybrook Dublin 4,2000,2019-02-06apartments-for-rent.csv
Saint Aongus Court Tallaght Dublin 24,1150,2019-02-06apartments-for-rent.csv
Hanover Dock Hanover Quay Dublin 2,4400,2019-02-06apartments-for-rent.csv
Grand Canal Dock Grand Canal Square Dublin 2,3900,2019-02-06apartments-for-rent.csv
Alexandra Walk Whitefriar Street Dublin 8,3360,2019-02-06apartments-for-rent.csv
Castleway Off South Great George'S Street Dublin 2,3680,2019-02-06apartments-for-rent.csv
Castleway Off South Great George'S Street Dublin 2,3360,2019-02-06apartments-for-rent.csv
Alexandra Walk Off South Great George'S Street Dublin 2,2600,2019-02-06apartments-for-rent.csv
Alexandra Walk Whitefriar Street Dublin 8,2600,2019-02-06apartments-for-rent.csv
Hanover Dock Grand Canal Square Dublin 2,4400,2019-02-06apartments-for-rent.csv
Beacon South Quarter Sandyford Dublin 18,3196,2019-02-06apartments-for-rent.csv
Castleway Golden Lane Dublin 8,3360,2019-02-06apartments-for-rent.csv
The Aston Building Aston Quay Dublin 2,3360,2019-02-06apartments-for-rent.csv
Hanover Dock Hanover Quay Dublin 2,3800,2019-02-06apartments-for-rent.csv
Hanover Dock Grand Canal Square Dublin 2,3800,2019-02-06apartments-for-rent.csv
The Aston Building Aston Quay Dublin 2,3600,2019-02-06apartments-for-rent.csv
Alexandra Walk Off South Great Georges Street Dublin 2,3360,2019-02-06apartments-for-rent.csv
Alto Vetro Grand Canal Square Dublin 2,3900,2019-02-06apartments-for-rent.csv
Castleway Golden Lane Dublin 8,3680,2019-02-06apartments-for-rent.csv
Aylmer Rd Newcastle Co. Dublin,600,2019-02-06apartments-for-rent.csv
Forbes Quay Grand Canal Dock Dublin 2,950,2019-02-06apartments-for-rent.csv
Wyckham Point Dundrum Dublin 14,2304,2019-02-06apartments-for-rent.csv
Abbot Court Dun Laoghaire Co. Dublin,1650,2019-02-06apartments-for-rent.csv
Holywell Court Swords Co. Dublin,1648,2019-02-06apartments-for-rent.csv
The View Carrickmines Manor Carrickmines Dublin 18,1750,2019-02-06apartments-for-rent.csv
The Turrets Rathmines Dublin 6,1650,2019-02-06apartments-for-rent.csv
The Oaks Rockfield Dundrum Dublin 14,1419,2019-02-06apartments-for-rent.csv
Waterville Row Blanchardstown Dublin 15,1410,2019-02-06apartments-for-rent.csv
The Old Rectory Lucan Co. Dublin,1200,2019-02-06apartments-for-rent.csv
Orwell Place Marianella Rathgar Dublin 6,2900,2019-02-06apartments-for-rent.csv
Orwell Hall Marianella Rathgar Dublin 6,3000,2019-02-06apartments-for-rent.csv
16 Raglan Hall Clyde Road Ballsbridge Dublin 4,4500,2019-02-06apartments-for-rent.csv
Gallery Quay Block 2 Grand Canal Dock Dublin 2,3600,2019-02-06apartments-for-rent.csv
Forbes Quay Lazer Lane Grand Canal Dock Dublin 2,3000,2019-02-06apartments-for-rent.csv
Clarion Quay Penthouse Ifsc Dublin 1,4500,2019-02-06apartments-for-rent.csv
Gallery Quay Block 3 Grand Canal Dock Dublin 2,3800,2019-02-06apartments-for-rent.csv
Gallery Quay Block 8 Grand Canal Dock Dublin 2,3000,2019-02-06apartments-for-rent.csv
The Waterfront Grand Canal Dock Dublin 2,4400,2019-02-06apartments-for-rent.csv
Shrewsbury Square Sandymount Avenue Sandymount Dublin 4,3500,2019-02-06apartments-for-rent.csv
Temple Bar Square Temple Bar Dublin 2,2500,2019-02-06apartments-for-rent.csv
Lower Mount Street Dublin 2,4000,2019-02-06apartments-for-rent.csv
Longboat Quay North Grand Canal Dock Dublin 2,2500,2019-02-06apartments-for-rent.csv
Hanover Dock Grand Canal Dock Dublin 2,2500,2019-02-06apartments-for-rent.csv
Maple Hall Mount St. Anne'S Milltown Dublin 6,2490,2019-02-06apartments-for-rent.csv
Longboat Quay North Grand Canal Dock Dublin 2,2450,2019-02-06apartments-for-rent.csv
The Waterfront Drumcondra Dublin 3,1975,2019-02-06apartments-for-rent.csv
The Berkeley Pembroke Square Ballsbridge Dublin 4,2200,2019-02-06apartments-for-rent.csv
6 Chapelview Chapelizod Dublin 20,1734,2019-02-06apartments-for-rent.csv
Custom House Square Mayor Street Ifsc Dublin 1,2200,2019-02-06apartments-for-rent.csv
Wyckham Place Dundrum Dublin 14,2800,2019-02-06apartments-for-rent.csv
Orchard Square The Maples Clonskeagh Dublin 14,1900,2019-02-06apartments-for-rent.csv
Trimbleston Goatstown Dublin 14 Goatstown Dublin 14,2050,2019-02-06apartments-for-rent.csv
39 White Oaks Clonskeagh Dublin 14,1950,2019-02-06apartments-for-rent.csv
Apt.6 Quartiere Bloom Dublin 1,2400,2019-02-06apartments-for-rent.csv
Castlegrange Court Clonsilla Dublin 15,2200,2019-02-06apartments-for-rent.csv
11 Camden Lock South Dock Road Ringsend Ringsend Dublin 4,1300,2019-02-06apartments-for-rent.csv
Howth Road Clontarf Dublin 3,1250,2019-02-06apartments-for-rent.csv
Apartment Donnybrook Castle Donnybrook Dublin 4,3200,2019-02-06apartments-for-rent.csv
Sarsfield Quay Apartment Liffey Street West Dublin 7,1872,2019-02-06apartments-for-rent.csv
28 The Ramparts Cabinteely Dublin 18,2750,2019-02-06apartments-for-rent.csv
Wyckham Point Dundrum Dublin 14,1850,2019-02-06apartments-for-rent.csv
1A Killiney View Albert Road Lower Glenageary Co. Dublin,1950,2019-02-06apartments-for-rent.csv
1 Drummond House Martin'S Row Chapelizod Dublin 20,1350,2019-02-06apartments-for-rent.csv
103 Marlay View Ballinteer Dublin 16,1900,2019-02-06apartments-for-rent.csv
7 Manor House Ongar Green Ongar Dublin 15,1250,2019-02-06apartments-for-rent.csv
Liberty View  Newport Street Dublin 8,1350,2019-02-06apartments-for-rent.csv
St Pappins Road Glasnevin Dublin 9,1400,2019-02-06apartments-for-rent.csv
7 Marlfield House St. Gabriels Johnstown Road Cabinteely Dublin 18,2200,2019-02-06apartments-for-rent.csv
The Northumberlands Lower Mount Street Dublin 2 Dublin 2,2200,2019-02-06apartments-for-rent.csv
48 Rockview Simonsridge Sandyford Dublin 18,2000,2019-02-06apartments-for-rent.csv
716 Longboat Quay South Hanover Quay Dublin 2,2250,2019-02-06apartments-for-rent.csv
92 The Gallery Donabate Co. Dublin,1850,2019-02-06apartments-for-rent.csv
Coliemore Road Dalkey Co. Dublin,2695,2019-02-06apartments-for-rent.csv
The Weir 59 Orwell Park Rathgar Dublin 6,2950,2019-02-06apartments-for-rent.csv
Mount Tallant Avenue Harold'S Cross Dublin 6,1406,2019-02-06apartments-for-rent.csv
Rathgar Road Rathmines Dublin 6,1500,2019-02-06apartments-for-rent.csv
Grosvenor Place Rathmines Dublin 6,1750,2019-02-06apartments-for-rent.csv
Leinster Square Rathmines Dublin 6,1550,2019-02-06apartments-for-rent.csv
Marlborough Road Donnybrook Dublin 4,1500,2019-02-06apartments-for-rent.csv
Mount Tallant Avenue Harold'S Cross Dublin 6,1190,2019-02-06apartments-for-rent.csv
North Circular Road Dublin 7,1400,2019-02-06apartments-for-rent.csv
Landys Court Mill Street Balbriggan Co. Dublin,1250,2019-02-06apartments-for-rent.csv
Off Main Street Lucan Co. Dublin,1450,2019-02-06apartments-for-rent.csv
Hanover Dock Grand Canal Dock Dublin 2,3300,2019-02-06apartments-for-rent.csv
The Paddocks Riding Centre Woodside Road Sandyfor Sandyford Dublin 18,1050,2019-02-06apartments-for-rent.csv
The Pines Herbert Park Lane Angelsea Road Ballsbridge Dublin 4,4000,2019-02-06apartments-for-rent.csv
Herbert Park Lane Ballsbridge Dublin 4,3800,2019-02-06apartments-for-rent.csv
North Circular Road (Phoenix Park End Of The Ncr) North Circular Road Dublin 7,1450,2019-02-06apartments-for-rent.csv
Wilton Place Dublin 2,2375,2019-02-06apartments-for-rent.csv
Castle Way Golden Lane Dublin 8,2800,2019-02-06apartments-for-rent.csv
Burgh Quay Dublin 2,2000,2019-02-06apartments-for-rent.csv
Hanover Dock Grand Canal Dock Dublin 2,2900,2019-02-06apartments-for-rent.csv
Carrickbrack Heath Sutton Dublin 13,1400,2019-02-06apartments-for-rent.csv
Bow Bridge Place Irwin Street Kilmainham Dublin 8,1900,2019-02-06apartments-for-rent.csv
The Island Chapelizod Dublin 20,1900,2019-02-06apartments-for-rent.csv
Trimbleston Goatstown Dublin 14,1950,2019-02-06apartments-for-rent.csv
Bissett'S Loft Strand Street Malahide Co. Dublin,2600,2019-02-06apartments-for-rent.csv
Waterville Terrace Blanchardstown Dublin 15,1525,2019-02-06apartments-for-rent.csv
Pembroke Road Ballsbridge Dublin 4,2250,2019-02-06apartments-for-rent.csv
Rosmor Scholarstown Road Knocklyon Dublin 16,1850,2019-02-06apartments-for-rent.csv
E3 The Cobbles Dublin 8,1650,2019-02-06apartments-for-rent.csv
21.Kilkee House Clare Village Clarehall Dublin 13,1400,2019-02-06apartments-for-rent.csv
Lower Sherrard Street Dublin 1,1354,2019-02-06apartments-for-rent.csv
1 Chatham Row Dublin 2,2400,2019-02-06apartments-for-rent.csv
Booterstown Avenue Blackrock Co. Dublin,2600,2019-02-06apartments-for-rent.csv
4 Fitzwilliam Court The Rise Mount Merrion Co. Dublin,1950,2019-02-06apartments-for-rent.csv
Apt.3 Fitzwilliam Court The Rise Mount Merrion Co. Dublin,1950,2019-02-06apartments-for-rent.csv
Northumberland Road Ballsbridge Dublin 4,2000,2019-02-06apartments-for-rent.csv
Symphony House Adelaide Road Dublin 2,3000,2019-02-06apartments-for-rent.csv
Huntstown Park Huntstown Dublin 15,1100,2019-02-06apartments-for-rent.csv
Mayeston Court Finglas Dublin 11,1300,2019-02-06apartments-for-rent.csv
Custom House Square Ifsc Dublin 1,2200,2019-02-06apartments-for-rent.csv
Sherrard Street Upper Dublin 1,1300,2019-02-06apartments-for-rent.csv
Castleforbes Dublin 1 Co. Dublin,1700,2019-02-06apartments-for-rent.csv
Vantage By Kennedy Wilson Central Park Leopardst Leopardstown Dublin 18,2300,2019-02-06apartments-for-rent.csv
Adelaide Square Dublin 8,2500,2019-02-06apartments-for-rent.csv
Drynam Avenue Drynam Hall Swords Co. Dublin,1800,2019-02-06apartments-for-rent.csv
Bellevue Avenue Booterstown Co. Dublin,2000,2019-02-06apartments-for-rent.csv
Belfry Grove Citywest Co. Dublin,1150,2019-02-06apartments-for-rent.csv
Bertram Court Lamb Alley Merchants Quay Dublin 8,1500,2019-02-06apartments-for-rent.csv
The Clayton The Gasworks Ringsend Dublin 4,1600,2019-02-06apartments-for-rent.csv
Parklands Northwood Santry Dublin 9,2000,2019-02-06apartments-for-rent.csv
Burnell Square Northern Cross Clarehall Dublin 17,2500,2019-02-06apartments-for-rent.csv
Cabra Park Cabra Dublin 7,2200,2019-02-06apartments-for-rent.csv
Prussia Street Stoneybatter Dublin 7,2000,2019-02-06apartments-for-rent.csv
146 Meridian Court Ashtown Ashtown Dublin 15,2650,2019-02-06apartments-for-rent.csv
Beacon South Quarter Sandyford Dublin 18,2800,2019-02-06apartments-for-rent.csv
Cranford Court Donnybrook Dublin 4,1550,2019-02-06apartments-for-rent.csv
Cherbury Court Booterstown Co. Dublin,2100,2019-02-06apartments-for-rent.csv
15 Linden Square Grove Avenue Blackrock Co. Dublin,2100,2019-02-06apartments-for-rent.csv
46 Rathmines Road Upper Rathmines D 6 Rathmines Dublin 6,1500,2019-02-06apartments-for-rent.csv
Garters Lane Saggart Co. Dublin,1800,2019-02-06apartments-for-rent.csv
Hampton Square Dublin 7,1800,2019-02-06apartments-for-rent.csv
62 North Strand Road North Strand Dublin 3,1500,2019-02-06apartments-for-rent.csv
College Gate Townsend St Dublin 2 Dublin 2,1728,2019-02-06apartments-for-rent.csv
Hybreasal House South Circular Road Kilmainham Dublin 8,1300,2019-02-06apartments-for-rent.csv
Fairhaven Strand Street ( In Heart Of Village) Malahide Co. Dublin,1600,2019-02-06apartments-for-rent.csv
57 Stapleton House 33 Mountjoy Square Dublin 1,1600,2019-02-06apartments-for-rent.csv
Ashwood House Mount Street Dublin 2 Grand Canal Dock Dublin 2,2100,2019-02-06apartments-for-rent.csv
No 45 The Elm Parkview Stepaside Dublin 18 Stepaside Dublin 18,2000,2019-02-06apartments-for-rent.csv
Grafton Hall 40 Aungier Street Dublin 2,1600,2019-02-06apartments-for-rent.csv
Ciderhurst Phoenix Park Racecourse Apartments Castleknock Dublin 15,1825,2019-02-06apartments-for-rent.csv
Rockwell Cove Blackrock Co. Dublin,2100,2019-02-06apartments-for-rent.csv
Linden Court Grove Avenue Blackrock Co. Dublin,1700,2019-02-06apartments-for-rent.csv
Canon Hall Dublin 1,1850,2019-02-06apartments-for-rent.csv
Rathbourne Court Ashtown Dublin 15,1795,2019-02-06apartments-for-rent.csv
6 Anley Court Lucan Co. Dublin,1794,2019-02-06apartments-for-rent.csv
The Plaza Ballymun Dublin 9,1600,2019-02-06apartments-for-rent.csv
Turvey Woods Donabate Co. Dublin,1520,2019-02-06apartments-for-rent.csv
Wyckham Place Dundrum Dublin 14,1750,2019-02-06apartments-for-rent.csv
Moynihan Court Tallaght Dublin 24,1800,2019-02-06apartments-for-rent.csv
Frankfort Avenue Rathmines Dublin 6,1500,2019-02-06apartments-for-rent.csv
6 Woodbrook Court Castleknock Dublin 15,2000,2019-02-06apartments-for-rent.csv
13 Torquay Kilgobbin Woods Sandyford Dublin 18,2100,2019-02-06apartments-for-rent.csv
The William Bligh The Gasworks Barrow Street Ringsend Dublin 4,2800,2019-02-06apartments-for-rent.csv
Baggot Rath House Newbridge Ave Ballsbridge Dublin 4,5460,2019-02-06apartments-for-rent.csv
Baggoth Rath Newbridge Avenue Ballsbridge Dublin 4,4200,2019-02-06apartments-for-rent.csv
Baggotrath House Newbridge Ave Ballsbridge Dublin 4,3360,2019-02-06apartments-for-rent.csv
Blackthorn Drive Sandyford Dublin 18,4760,2019-02-06apartments-for-rent.csv
Heather Court Stepaside Park Stepaside Dublin 18,2000,2019-02-06apartments-for-rent.csv
Ashley Hall Lucan Co. Dublin,1456,2019-02-06apartments-for-rent.csv
St Raphael'S Road Sandyford Dublin 18,2700,2019-02-06apartments-for-rent.csv
Emmet Court Inchicore Dublin 8,1600,2019-02-06apartments-for-rent.csv
Chapel Gate Drumcondra Dublin 9,2300,2019-02-06apartments-for-rent.csv
88 Fitzwilliam Quay Ringsend Dublin 4,2200,2019-02-06apartments-for-rent.csv
1 Hampton Court Bloomfield Avenue Donnybrook Dublin 4,1755,2019-02-06apartments-for-rent.csv
Milners Square Santry Dublin 9,1700,2019-02-06apartments-for-rent.csv
21 Rosehaven Carpenterstown Dublin 15,1800,2019-02-06apartments-for-rent.csv
69 Windmill Lane Dublin 2,2000,2019-02-06apartments-for-rent.csv
Clarion Quay Mayor Street Ifsc Ifsc Dublin 1,2800,2019-02-06apartments-for-rent.csv
36 Summerseat Drive Clonee Dublin 15,1600,2019-02-06apartments-for-rent.csv
Sorrento Heights Sorrento Rd Dalkey Co. Dublin,3450,2019-02-06apartments-for-rent.csv
Trinity Square Lombard Street Dublin 2,1560,2019-02-06apartments-for-rent.csv
Santry Avenue Ballymun Dublin 9,1950,2019-02-06apartments-for-rent.csv
(2) Tallaght Cross East Tallaght Dublin 24,1550,2019-02-06apartments-for-rent.csv
Aranmore Custom House Harbour I.F.S.C Dublin 1,2100,2019-02-06apartments-for-rent.csv
Charlotte Apartments Dun Laoghaire Co. Dublin,1950,2019-02-06apartments-for-rent.csv
Robswall Malahide Co. Dublin,1375,2019-02-06apartments-for-rent.csv
Boyne Court Harold'S Cross Dublin 6,1455,2019-02-06apartments-for-rent.csv
Woodvale Lawn Clonsilla Dublin 15,1700,2019-02-06apartments-for-rent.csv
Monkstown Valley Monkstown Co. Dublin,1670,2019-02-06apartments-for-rent.csv
Glen Arm Square Dargle Road Drumcondra Dublin 9,1295,2019-02-06apartments-for-rent.csv
Mayor Street Dublin 1,980,2019-02-06apartments-for-rent.csv
Mayor Street Ifsc Dublin 1,980,2019-02-06apartments-for-rent.csv
Apt. 16 Drury Hall Lower Stephen'S Street Dublin 2,1850,2019-02-06apartments-for-rent.csv
15 Willsborough Clonshaugh Dublin 17,1550,2019-02-06apartments-for-rent.csv
Pelletstown Avenue Royal Canal Park Dublin 15,1800,2019-02-06apartments-for-rent.csv
17 Bellevue Court Dornden Park Booterstown Blac Booterstown Co. Dublin,1880,2019-02-06apartments-for-rent.csv
Finsbury House 79,2500,2019-02-06apartments-for-rent.csv
Shanganagh Terrace Killiney Co. Dublin,1500,2019-02-06apartments-for-rent.csv
150 Wyckham Point Dundrum Dublin 14,2000,2019-02-06apartments-for-rent.csv
Railway Road Dalkey Co. Dublin,2250,2019-02-06apartments-for-rent.csv
William Beckett House Dublin 2,2000,2019-02-06apartments-for-rent.csv
26 Lower Ormond Quay Dublin 1,2650,2019-02-06apartments-for-rent.csv
Swords Road Santry Dublin 9,1300,2019-02-06apartments-for-rent.csv
Rochfort House Dean Court Patrick Street Dublin 8,1799,2019-02-06apartments-for-rent.csv
Bishop Street Dublin 2,1350,2019-02-06apartments-for-rent.csv
100 The Marker Residences Grand Canal Dock Dublin 2,3500,2019-02-06apartments-for-rent.csv
52 Merrion Square East Dublin 2,2950,2019-02-06apartments-for-rent.csv
Belgrove Park Mount Prospect Road Clontarf Dublin 3,1990,2019-02-06apartments-for-rent.csv
Apartment 52 Salthill Seapoint Avenue Monkstown Co. Dublin,2700,2019-02-06apartments-for-rent.csv
35 Sycamore Trimbleston Apartments Clonskeagh Goatstown Dublin 14,2200,2019-02-06apartments-for-rent.csv
8 Harcourt Hall Charlotte Way Dublin 2,2200,2019-02-06apartments-for-rent.csv
Neptune Apartments Dun Laoghaire Co. Dublin,2091,2019-02-06apartments-for-rent.csv
Neptune Apartments Dun Laoghaire Co. Dublin,2151,2019-02-06apartments-for-rent.csv
The Hibernian The Gasworks Ringsend Dublin 4,4050,2019-02-06apartments-for-rent.csv
The Hibernian The Gasworks Ringsend Dublin 4,3450,2019-02-06apartments-for-rent.csv
Penthouse Apartment Intercontinental Hotel Ballsbridge Dublin 4,6500,2019-02-06apartments-for-rent.csv
Spencer Dock Apartments Dublin 1,4500,2019-02-06apartments-for-rent.csv
24 The Mall Ongar Dublin 15 Ongar Dublin 15,1700,2019-02-06apartments-for-rent.csv
20 Hampton Wood Road Finglas Dublin 11,1850,2019-02-06apartments-for-rent.csv
Abbey Glen Cabinteely Dublin 18,1900,2019-02-06apartments-for-rent.csv
Watermill Road Raheny Dublin 5,1800,2019-02-06apartments-for-rent.csv
177 Bushy Park House Terenure Terenure Dublin 6W,2100,2019-02-06apartments-for-rent.csv
Mellor Court Dublin 1,2500,2019-02-06apartments-for-rent.csv
68 Mount Talbot Highgrove Clondalkin Clondalkin Dublin 22,1795,2019-02-06apartments-for-rent.csv
The Crescent Building Park West Dublin 12,1395,2019-02-06apartments-for-rent.csv
Ifsc Custom House Harbour Dublin 1,1795,2019-02-06apartments-for-rent.csv
Belfry Road Citywest Co. Dublin,1350,2019-02-06apartments-for-rent.csv
Newtown Oldtown Ballyboughal Ballyboughal Co. Dublin,1040,2019-02-06apartments-for-rent.csv
22 Dawson Street Dublin 2,4500,2019-02-06apartments-for-rent.csv
St James Rd Greenhills Dublin 12,1950,2019-02-06apartments-for-rent.csv
St James Rd Greenhills Dublin 12,1750,2019-02-06apartments-for-rent.csv
5 Ostman Wood Old Co. Road Crumlin Crumlin Dublin 12,1350,2019-02-06apartments-for-rent.csv
Maystown Charlestown Beside Ikea Finglas Dublin 11,1950,2019-02-06apartments-for-rent.csv
Tuskar Rock Custom House Harbour Dublin 1,1600,2019-02-06apartments-for-rent.csv
Sussex Terrace Elm House Mespil Estate Dublin 4,1750,2019-02-06apartments-for-rent.csv
Inglenook Wood Carrickmines Dublin 18,2200,2019-02-06apartments-for-rent.csv
Adelaide Square Wood Street Dublin 2,2300,2019-02-06apartments-for-rent.csv
Belcamp Hutchison Carrs Lane Balgriffin Dublin 13,950,2019-02-06apartments-for-rent.csv
Castle Street Dublin 2,2400,2019-02-06apartments-for-rent.csv
Spencer House Ifsc Dublin 1,2100,2019-02-06apartments-for-rent.csv
17 Blessington Street Dublin 1 Dublin 1,2700,2019-02-06apartments-for-rent.csv
Castleforbes Square Dublin 1,2200,2019-02-06apartments-for-rent.csv
Gracepark Manor Drumcondra Dublin 3,3180,2019-02-06apartments-for-rent.csv
