Grand Canal 24 Pearse Square Dublin 2,2560,2019-02-06short-term-rentals.csv
Whitworth Road D9 Glasnevin Dublin 9,1000,2019-02-06short-term-rentals.csv
Whitworth Road Dublin 9 Glasnevin Dublin 9,1000,2019-02-06short-term-rentals.csv
Adelaide Square Dublin 2,3400,2019-02-06short-term-rentals.csv
Grantham Street Portobello Dublin 8,3500,2019-02-06short-term-rentals.csv
The Rise Whitehall Whitehall Dublin 9,1400,2019-02-06short-term-rentals.csv
Blessington Street Dublin 1,1300,2019-02-06short-term-rentals.csv
Whitworth Road Drumcondra D9 Glasnevin Dublin 9,1300,2019-02-06short-term-rentals.csv
Whitworth Road Wigan Road Drumcondra D9 Glasnevin Dublin 9,1400,2019-02-06short-term-rentals.csv
Mobhi Court Drumcondra Dublin 9,2200,2019-02-06short-term-rentals.csv
32 Millennium Tower Charlotte Quay. Grand Canal Dock Dublin 4,6000,2019-02-06short-term-rentals.csv
Castleforbes Square Castleforbes Road Dublin 1,2100,2019-02-06short-term-rentals.csv
Monaloe Court Cabinteely Dublin 18,2600,2019-02-06short-term-rentals.csv
Warrington Place Dublin 2,4200,2019-02-06short-term-rentals.csv
Hanover Riverside Grand Canal Dock Dublin 2,3980,2019-02-06short-term-rentals.csv
Pembroke Row Dublin 2,3940,2019-02-06short-term-rentals.csv
Mobhi Court Glasnevin Dublin 9,2200,2019-02-06short-term-rentals.csv
Rinn Na Mara Clontarf Dublin 3,2780,2019-02-06short-term-rentals.csv
Anglesea Road,2200,2019-02-06short-term-rentals.csv
Anglesea Road,2900,2019-02-06short-term-rentals.csv
Anglesea Road,1980,2019-02-06short-term-rentals.csv
Anglesea Road,2500,2019-02-06short-term-rentals.csv
Top Mervyn Court Crostwaithe Park South Dun Laoghaire Co. Dublin,2600,2019-02-06short-term-rentals.csv
51 Mount Pleasant Square Ranelagh Dublin 6 Ranelagh Dublin 6,2150,2019-02-06short-term-rentals.csv
Merrion Plaza Dublin 2,4000,2019-02-06short-term-rentals.csv
91 Beechwood Avenue Lower Ranelagh Dublin 6,3950,2019-02-06short-term-rentals.csv
Block 1 Gallery Quay Grand Canal Quay Hanover Quay Dublin 2,2600,2019-02-06short-term-rentals.csv
Frankfort Avenue Rathgar Dublin 6,4200,2019-02-06short-term-rentals.csv
The Sweepstakes Ballsbridge Dublin 4,2600,2019-02-06short-term-rentals.csv
Joy Streets Dublin 4,2500,2019-02-06short-term-rentals.csv
Edmondstown Road Rathfarnham Dublin 14,2050,2019-02-06short-term-rentals.csv
65 Donnybrook Manor Donnybrook Dublin 4,3500,2019-02-06short-term-rentals.csv
Apartment 3 Cedar House Applewood Village Sword Swords Co. Dublin,1200,2019-02-06short-term-rentals.csv
109 Townsend Street Dublin 2,2000,2019-02-06short-term-rentals.csv
Adelaide Square Dublin 2,2800,2019-02-06short-term-rentals.csv
Adelaide Square Dublin 2,3240,2019-02-06short-term-rentals.csv
Adelaide Square Dublin 2,2940,2019-02-06short-term-rentals.csv
Adelaide Square Penthouse Dublin 2,4100,2019-02-06short-term-rentals.csv
Alexandra Walk Dublin 2,3400,2019-02-06short-term-rentals.csv
Adelaide Square Dublin 2,3440,2019-02-06short-term-rentals.csv
Adelaide Square Dublin 2,3200,2019-02-06short-term-rentals.csv
Adelaide Square Dublin 2,3000,2019-02-06short-term-rentals.csv
Malakoff Villa Rathgar Road Rathgar Dublin 6,10000,2019-02-06short-term-rentals.csv
35 St. Luke'S Gate 105,1650,2019-02-06short-term-rentals.csv
38 St. Luke'S Gate 105,2300,2019-02-06short-term-rentals.csv
Bracken Hill Blackglen Road Sandyford Dublin 18,2300,2019-02-06short-term-rentals.csv
Iveagh Court Dublin 2,4200,2019-02-06short-term-rentals.csv
Grand Canal Quay Grand Canal Dock Dublin 2,4200,2019-02-06short-term-rentals.csv
Grand Canal Dock Dublin 2,4250,2019-02-06short-term-rentals.csv
Millennium Tower Grand Canal Dock Dublin 2,4000,2019-02-06short-term-rentals.csv
Gallery Quay Grand Canal Dock Dublin 2,3450,2019-02-06short-term-rentals.csv
Leeson Street Dublin 2,4500,2019-02-06short-term-rentals.csv
Leeson Street Dublin 2,3750,2019-02-06short-term-rentals.csv
Grand Canal Square Dublin 2,3450,2019-02-06short-term-rentals.csv
Grand Canal Square Grand Canal Dock Dublin 2,3450,2019-02-06short-term-rentals.csv
18 Lower Baggot Street Dublin 2,4200,2019-02-06short-term-rentals.csv
Leeson Street Dublin 4,3450,2019-02-06short-term-rentals.csv
Pembroke Square Grand Canal Dock Dublin 4,4200,2019-02-06short-term-rentals.csv
Grand Canal Square Dublin 2,4200,2019-02-06short-term-rentals.csv
The Gasworks Dublin 4,4250,2019-02-06short-term-rentals.csv
Grand Canal Dock Dublin 2,3450,2019-02-06short-term-rentals.csv
Lad Lane Baggot Street Dublin 2,4200,2019-02-06short-term-rentals.csv
Burton House Custom House Square Mayor St. Lower Ifsc Dublin 1,3150,2019-02-06short-term-rentals.csv
Grand Canal Square Grand Canal Dock Dublin 2,4200,2019-02-06short-term-rentals.csv
Leeson Street Dublin 2,3450,2019-02-06short-term-rentals.csv
Grand Canal Square Dublin 2,4350,2019-02-06short-term-rentals.csv
Iveagh Court Dublin 2,4050,2019-02-06short-term-rentals.csv
Grand Canal Square Dublin 2,4250,2019-02-06short-term-rentals.csv
Grand Canal Square Grand Canal Dock Dublin 2,4000,2019-02-06short-term-rentals.csv
Grand Canal Square Dublin 2,4000,2019-02-06short-term-rentals.csv
Leeson Court Dublin 4,3600,2019-02-06short-term-rentals.csv
Grand Canal Square Grand Canal Dock Dublin 2,4250,2019-02-06short-term-rentals.csv
Ballsbridge Woods Shelbourne Road Ballsbridge Dublin 4,3900,2019-02-06short-term-rentals.csv
Shrewsbury Park Ballsbridge Dublin 4,4100,2019-02-06short-term-rentals.csv
Smithfield Market Smithfield Dublin 7,1700,2019-02-06short-term-rentals.csv
Capital Dock Sir John Rogerson'S Quay Grand Canal Dock Dublin 2,4850,2019-02-06short-term-rentals.csv
Capital Dock Sir John Rogerson'S Quay Grand Canal Dock Dublin 2,6500,2019-02-06short-term-rentals.csv
Braemor Road Churchtown Dublin 14,2300,2019-02-06short-term-rentals.csv
Terenure Road West Terenure Dublin 6W,3245,2019-02-06short-term-rentals.csv
8 Monck Place Phibsboro Dublin 7,575,2019-02-06short-term-rentals.csv
Ballsbridge Avenue Ballsbridge Dublin 4,5000,2019-02-06short-term-rentals.csv
21 Rosmeen Gardens Dun Laoghaire Co. Dublin,3200,2019-02-06short-term-rentals.csv
Royal Canal Bank Dublin 7 Phibsborough Dublin 7,3200,2019-02-06short-term-rentals.csv
Cabra Park Cabra Dublin 7,2300,2019-02-06short-term-rentals.csv
Stradbrook Park Blackrock Co. Dublin,3000,2019-02-06short-term-rentals.csv
2 Bloyke Harbour Road Dalkey Co. Dublin,5000,2019-02-06short-term-rentals.csv
Roebuck Hill Clonskeagh Dublin 14,2200,2019-02-06short-term-rentals.csv
Adelaide Square Dublin 2,3600,2019-02-06short-term-rentals.csv
Chelmsford Close Ranelagh Dublin 6,2750,2019-02-06short-term-rentals.csv
Herbert Park Lane Ballsbridge Dublin 4,3160,2019-02-06short-term-rentals.csv
Bow Bridge Place Kilmainham Dublin 8,1300,2019-02-06short-term-rentals.csv
Grande Central Sandyford Dublin 18,3220,2019-02-06short-term-rentals.csv
Baggot Rath Penthouse Apartment Newbridge Avenue Ballsbridge Dublin 4,4508,2019-02-06short-term-rentals.csv
Baggot Rath 2Bs4 Newbridge Avenue Dublin 4,4200,2019-02-06short-term-rentals.csv
The Forum Sandyford Dublin 18,3220,2019-02-06short-term-rentals.csv
Baggot Rath 3Bs5 Newbridge Avenue Ballsbridge Dublin 4,4620,2019-02-06short-term-rentals.csv
Ferncourt Stepaside Dublin 18,3360,2019-02-06short-term-rentals.csv
Galloping Green Stillorgan Co Dublin Stillorgan Co. Dublin,5600,2019-02-06short-term-rentals.csv
Kelston Avenue Foxrock Dublin 18,3640,2019-02-06short-term-rentals.csv
Adelphi House Dun Laoghaire Co. Dublin,3600,2019-02-06short-term-rentals.csv
The Cubes 3 Floor 4 Beacon South Quarter Sandyford Dublin 18,3920,2019-02-06short-term-rentals.csv
The Amber The Grange Brewery Road Blackrock Co. Dublin,3780,2019-02-06short-term-rentals.csv
Ridge Hall Ballybrack Glenageary Co. Dublin,5600,2019-02-06short-term-rentals.csv
Aikens Village Sandyford Dublin 18,2800,2019-02-06short-term-rentals.csv
Gledswood Mews Clonskeagh Dublin 14,2850,2019-02-06short-term-rentals.csv
Kilteel Rathcoole Co. Dublin,2500,2019-02-06short-term-rentals.csv
Eaton Terrace Rathcoole Co. Dublin,1250,2019-02-06short-term-rentals.csv
Adelaide Square Dublin 2,3700,2019-02-06short-term-rentals.csv
Mayor Street Lower Dublin 1,2760,2019-02-06short-term-rentals.csv
Pembroke Row Dublin 2,3960,2019-02-06short-term-rentals.csv
Alexandra Walk Dublin 2,3940,2019-02-06short-term-rentals.csv
Alexandra Walk Dublin 2,3320,2019-02-06short-term-rentals.csv
Adelaide Square Penthouse Dublin 2,4500,2019-02-06short-term-rentals.csv
Grove Park Rathmines Dublin 6,800,2019-02-06short-term-rentals.csv
10 Warrington Place Dublin 2,1140,2019-02-06short-term-rentals.csv
Beacon South Quarter Sandyford Dublin 18,2796,2019-02-06short-term-rentals.csv
College Park Ballinteer Road Dundrum Dublin 14,2300,2019-02-06short-term-rentals.csv
Myrtle Park Dun Laoghaire Co. Dublin,3300,2019-02-06short-term-rentals.csv
Killiney Court Apartments Killiney Dun Laoghaire Co. Dublin,2700,2019-02-06short-term-rentals.csv
Belarmine Heath Stepaside Dublin 18,1800,2019-02-06short-term-rentals.csv
Batchelors Walk Apartments Dublin 2,2500,2019-02-06short-term-rentals.csv
Cairnbrook Glenamuck Road Sandyford Dublin 18,2400,2019-02-06short-term-rentals.csv
Cherrywood Cherrywood Co. Dublin,2000,2019-02-06short-term-rentals.csv
Rochfort House Brennanstown Cabinteely Dublin 18,1850,2019-02-06short-term-rentals.csv
Milltown Hall Mount Saint Annes Milltown Dublin 6,2300,2019-02-06short-term-rentals.csv
Greenville Terrace South Circular Road Dublin 8,2200,2019-02-06short-term-rentals.csv
6 Ballyshannon Avenue Kilmore Dublin 5,2600,2019-02-06short-term-rentals.csv
Lower Ballymount Road Ballymount Dublin 12,2500,2019-02-06short-term-rentals.csv
Beechdale Mews Rathmines Dublin 6,3000,2019-02-06short-term-rentals.csv
Spencer Dock Dublin 1,2400,2019-02-06short-term-rentals.csv
Rafters Court Rafters Road Drimnagh Dublin 12,2700,2019-02-06short-term-rentals.csv
Mervyn Court Crostwaithe Park South Dun Laoghaire Co. Dublin,2380,2019-02-06short-term-rentals.csv
Rinn Na Mara Seafront Clontarf Road Clontarf Dublin 3,2700,2019-02-06short-term-rentals.csv
Anglesea Road,2380,2019-02-06short-term-rentals.csv
North Strand Road North Strand Dublin 3,880,2019-02-06short-term-rentals.csv
Waterloo Road Dublin 4,1800,2019-02-06short-term-rentals.csv
De Vesci Court Monkstown Co. Dublin,2600,2019-02-06short-term-rentals.csv
Portobello South Circular Road Dublin 8,1080,2019-02-06short-term-rentals.csv
Portobello South Circular Road Dublin 8,1320,2019-02-06short-term-rentals.csv
109 Parnell Street Dublin 1,1400,2019-02-06short-term-rentals.csv
Herbert Park Muse Donnybrook Dublin 4,2600,2019-02-06short-term-rentals.csv
Sorrento Road Dalkey Co. Dublin,28000,2019-02-06short-term-rentals.csv
Serviced Apartments In Malahide Malahide Co. Dublin,3360,2019-02-06short-term-rentals.csv
Zardoz Court Anglesea Road Ballsbridge Dublin 4,2750,2019-02-06short-term-rentals.csv
Sussex Terrace Donnybrook Dublin 4,2100,2019-02-06short-term-rentals.csv
Grand Canal Square Dublin 2,3000,2019-02-06short-term-rentals.csv
Camden Street Upper Dublin 2 Dublin 2,3200,2019-02-06short-term-rentals.csv
Stephen St. Upper Dublin 2,3600,2019-02-06short-term-rentals.csv
Clarendon St Dublin 2,3000,2019-02-06short-term-rentals.csv
Dublin 2 Dublin 2,2000,2019-02-06short-term-rentals.csv
Cows Lane Dublin 2,2000,2019-02-06short-term-rentals.csv
Portersgate Greeg Clonsilla Dublin 15,2900,2019-02-06short-term-rentals.csv
Quay Street Rush Co. Dublin,2500,2019-02-06short-term-rentals.csv
Castleway Golden Lane Dublin 8,3680,2019-02-06short-term-rentals.csv
Hanover Dock Grand Canal Square Dublin 2,3800,2019-02-06short-term-rentals.csv
Castleway Off South Great George'S Street Dublin 2,3360,2019-02-06short-term-rentals.csv
Beacon South Quarter Sandyford Dublin 18,3196,2019-02-06short-term-rentals.csv
Alexandra Walk Whitefriar Street Dublin 8,2600,2019-02-06short-term-rentals.csv
Alexandra Walk Off South Great George'S Street Dublin 2,2600,2019-02-06short-term-rentals.csv
Hanover Dock Grand Canal Square Dublin 2,4400,2019-02-06short-term-rentals.csv
Hanover Dock Hanover Quay Dublin 2,4400,2019-02-06short-term-rentals.csv
Grand Canal Dock Grand Canal Square Dublin 2,3900,2019-02-06short-term-rentals.csv
Castleway Golden Lane Dublin 8,3360,2019-02-06short-term-rentals.csv
Hanover Dock Hanover Quay Dublin 2,3800,2019-02-06short-term-rentals.csv
Alexandra Walk Off South Great Georges Street Dublin 2,3360,2019-02-06short-term-rentals.csv
Alto Vetro Grand Canal Square Dublin 2,3900,2019-02-06short-term-rentals.csv
Castleway Off South Great George'S Street Dublin 2,3680,2019-02-06short-term-rentals.csv
The Aston Building Aston Quay Dublin 2,3600,2019-02-06short-term-rentals.csv
The Aston Building Aston Quay Dublin 2,3360,2019-02-06short-term-rentals.csv
Alexandra Walk Whitefriar Street Dublin 8,3360,2019-02-06short-term-rentals.csv
Gallery Quay Block 2 Grand Canal Dock Dublin 2,3600,2019-02-06short-term-rentals.csv
Gallery Quay Block 3 Grand Canal Dock Dublin 2,3800,2019-02-06short-term-rentals.csv
Gallery Quay Block 8 Grand Canal Dock Dublin 2,3000,2019-02-06short-term-rentals.csv
The Waterfront Grand Canal Dock Dublin 2,4400,2019-02-06short-term-rentals.csv
Hanover Dock Grand Canal Dock Dublin 2,2500,2019-02-06short-term-rentals.csv
Granite Lodge Fiery Lane Glencullen Co. Dublin,2000,2019-02-06short-term-rentals.csv
11 Camden Lock South Dock Road Ringsend Ringsend Dublin 4,1300,2019-02-06short-term-rentals.csv
Apartment Donnybrook Castle Donnybrook Dublin 4,3200,2019-02-06short-term-rentals.csv
10 Mount Argus Crescent Harold'S Cross Dublin 6W,1700,2019-02-06short-term-rentals.csv
7 Marlfield House St. Gabriels Johnstown Road Cabinteely Dublin 18,2200,2019-02-06short-term-rentals.csv
Meadowbank Rathgar Dublin 6,2300,2019-02-06short-term-rentals.csv
24 The Vale Skerries Co. Dublin,1410,2019-02-06short-term-rentals.csv
Forest Close Kingswood Dublin 22,1200,2019-02-06short-term-rentals.csv
Beechwood Av Lr Ranelagh Dublin 6,900,2019-02-06short-term-rentals.csv
Burgh Quay Dublin 2,2000,2019-02-06short-term-rentals.csv
Merchants Road East Wall Dublin 3,1800,2019-02-06short-term-rentals.csv
21.Kilkee House Clare Village Clarehall Dublin 13,1400,2019-02-06short-term-rentals.csv
16 Larkfield Place Lucan Co. Dublin,2000,2019-02-06short-term-rentals.csv
Skerries Skerries Co. Dublin,2700,2019-02-06short-term-rentals.csv
Booterstown Avenue Blackrock Co. Dublin,2600,2019-02-06short-term-rentals.csv
Adelaide Square Dublin 8,2500,2019-02-06short-term-rentals.csv
1 Bayswater Terrace Breffni Road Sandycove Co. Dublin,1350,2019-02-06short-term-rentals.csv
Bellevue Avenue Booterstown Co. Dublin,2000,2019-02-06short-term-rentals.csv
Prussia Street Stoneybatter Dublin 7,2000,2019-02-06short-term-rentals.csv
Beacon South Quarter Sandyford Dublin 18,2800,2019-02-06short-term-rentals.csv
Durrow Road Crumlin Dublin 12,2000,2019-02-06short-term-rentals.csv
Ashwood House Mount Street Dublin 2 Grand Canal Dock Dublin 2,2100,2019-02-06short-term-rentals.csv
Grafton Hall 40 Aungier Street Dublin 2,1600,2019-02-06short-term-rentals.csv
40 Bushfield Drive Clondalkin Dublin 22,2250,2019-02-06short-term-rentals.csv
13 New Road Inchicore Dublin 8,1700,2019-02-06short-term-rentals.csv
66 Mckee Park Blackhorse. Ave Arbour Hill Dublin 7,1300,2019-02-06short-term-rentals.csv
20 Capel Street Dublin 1,900,2019-02-06short-term-rentals.csv
The William Bligh The Gasworks Barrow Street Ringsend Dublin 4,2800,2019-02-06short-term-rentals.csv
Baggotrath House Newbridge Ave Ballsbridge Dublin 4,3360,2019-02-06short-term-rentals.csv
Baggoth Rath Newbridge Avenue Ballsbridge Dublin 4,4200,2019-02-06short-term-rentals.csv
Baggot Rath House Newbridge Ave Ballsbridge Dublin 4,5460,2019-02-06short-term-rentals.csv
Blackthorn Drive Sandyford Dublin 18,4760,2019-02-06short-term-rentals.csv
Synge Street Portobello Dublin 8,980,2019-02-06short-term-rentals.csv
Taney Crese Dundrum Dublin 14,2866,2019-02-06short-term-rentals.csv
Templeville Balbriggan Co. Dublin,1700,2019-02-06short-term-rentals.csv
Clarion Quay Mayor Street Ifsc Ifsc Dublin 1,2800,2019-02-06short-term-rentals.csv
Santry Avenue Ballymun Dublin 9,1950,2019-02-06short-term-rentals.csv
Cremore Crescent Glasnevin Dublin 11,2400,2019-02-06short-term-rentals.csv
15 Willsborough Clonshaugh Dublin 17,1550,2019-02-06short-term-rentals.csv
Upper Buckingham Street Dublin 1,2000,2019-02-06short-term-rentals.csv
9 Upper Buckingham Street Dublin 1,960,2019-02-06short-term-rentals.csv
Coliemore Road Dalkey Co. Dublin,4000,2019-02-06short-term-rentals.csv
26 Lower Ormond Quay Dublin 1,2650,2019-02-06short-term-rentals.csv
52 Merrion Square East Dublin 2,2950,2019-02-06short-term-rentals.csv
Belgrove Park Mount Prospect Road Clontarf Dublin 3,1990,2019-02-06short-term-rentals.csv
Apartment 52 Salthill Seapoint Avenue Monkstown Co. Dublin,2700,2019-02-06short-term-rentals.csv
8 Harcourt Hall Charlotte Way Dublin 2,2200,2019-02-06short-term-rentals.csv
The Hibernian The Gasworks Ringsend Dublin 4,4050,2019-02-06short-term-rentals.csv
The Hibernian The Gasworks Ringsend Dublin 4,3450,2019-02-06short-term-rentals.csv
Spencer Dock Apartments Dublin 1,4500,2019-02-06short-term-rentals.csv
Watermill Road Raheny Dublin 5,1800,2019-02-06short-term-rentals.csv
The Coast Road Malahide Co. Dublin,3600,2019-02-06short-term-rentals.csv
Mellor Court Dublin 1,2500,2019-02-06short-term-rentals.csv
Newtown Oldtown Ballyboughal Ballyboughal Co. Dublin,1040,2019-02-06short-term-rentals.csv
10 Ardagh Park Road Blackrock Co. Dublin,2500,2019-02-06short-term-rentals.csv
56 Ellensborough Lodge Kiltipper Dublin 24,2100,2019-02-06short-term-rentals.csv
22 Dawson Street Dublin 2,4500,2019-02-06short-term-rentals.csv
Stella Townhouse Grand Canal Dock Dublin 2,5600,2019-02-06short-term-rentals.csv
Adelaide Square Wood Street Dublin 2,2300,2019-02-06short-term-rentals.csv
Belcamp Hutchison Carrs Lane Balgriffin Dublin 13,950,2019-02-06short-term-rentals.csv
Castle Street Dublin 2,2400,2019-02-06short-term-rentals.csv
22 Castleknock Crescent Castleknock Dublin 15,2200,2019-02-06short-term-rentals.csv
Short Term Corportate Finished House East Wall Dublin 3,2295,2019-02-06short-term-rentals.csv
4 The Laurels Seapark Mount Prospect Avedo3Xk58 Clontarf Dublin 3,2500,2019-02-06short-term-rentals.csv
24 Mount Eustace Crescent Tyrrelstown Dublin 15,2300,2019-02-06short-term-rentals.csv
Castleforbes Square Dublin 1,2200,2019-02-06short-term-rentals.csv
Gracepark Manor Drumcondra Dublin 3,3180,2019-02-06short-term-rentals.csv
