Clyde Lane Ballsbridge Dublin 4,5250,2019-02-06houses-for-rent.csv
Clyde Road Ballsbridge Dublin 4,15000,2019-02-06houses-for-rent.csv
30 Charleville Close Rathmines Dublin 6,2750,2019-02-06houses-for-rent.csv
Tritonville Avenue Sandymount Dublin 4,2500,2019-02-06houses-for-rent.csv
16 Northbrook Lane Ranelagh Dublin 6,4650,2019-02-06houses-for-rent.csv
Bauhaus 16 Stocking Lane Rathfarnham Rathfarnham Dublin 16,4500,2019-02-06houses-for-rent.csv
Ailesbury Road Ballsbridge Dublin 4,8000,2019-02-06houses-for-rent.csv
50 Pembroke Road Ballsbridge Dublin 4,5950,2019-02-06houses-for-rent.csv
54 Raglan Lane Ballsbridge Dublin 4,6500,2019-02-06houses-for-rent.csv
Ravens Lodge Yellow Walls Road Malahide Co. Dublin,3100,2019-02-06houses-for-rent.csv
17A Angelsea Road Ballsbridge Dublin 4,5445,2019-02-06houses-for-rent.csv
Carysfort Park Blackrock Co. Dublin,3200,2019-02-06houses-for-rent.csv
Brookview Lodges Balcunnin Skerries Skerries Co. Dublin,1500,2019-02-06houses-for-rent.csv
Mount Drummond Square Harold'S Cross Dublin 6,2750,2019-02-06houses-for-rent.csv
Clyde Road Ballsbridge Dublin 4,11500,2019-02-06houses-for-rent.csv
Carlton Mews Shelbourne Avenue Ballsbridge Dublin 4,5500,2019-02-06houses-for-rent.csv
Monaloe Court Cabinteely Dublin 18,2600,2019-02-06houses-for-rent.csv
Clancy Quay Phase Two By Kennedy Wilson Islandbridge Dublin 8,2900,2019-02-06houses-for-rent.csv
Rathdown Park Terenure Dublin 6W,2695,2019-02-06houses-for-rent.csv
Proby Square Blackrock Co. Dublin,6000,2019-02-06houses-for-rent.csv
34 St Patricks Rd Dalkey Co. Dublin,3500,2019-02-06houses-for-rent.csv
78 South Park Foxrock Dublin 18,3000,2019-02-06houses-for-rent.csv
Gordon Street Ringsend Dublin 4,4000,2019-02-06houses-for-rent.csv
Seabury Meadows Malahide Co. Dublin,2250,2019-02-06houses-for-rent.csv
5 Skipton Honeypark Dun Laoghaire Co. Dublin,3500,2019-02-06houses-for-rent.csv
Cedar Square Blackrock Co. Dublin,2500,2019-02-06houses-for-rent.csv
Coppinger Glade Blackrock Co. Dublin,2300,2019-02-06houses-for-rent.csv
College Square Wainsfort Manor Drive Terenure Dublin 6W,3650,2019-02-06houses-for-rent.csv
Stillorgan Road Donnybrook Dublin 4,3290,2019-02-06houses-for-rent.csv
19A Lanesville Monkstown Avenue Monkstown Co. Dublin,3500,2019-02-06houses-for-rent.csv
78 Heytesbury Street Dublin 8,4800,2019-02-06houses-for-rent.csv
45 Coppinger Glade Stillorgan Co. Dublin,2200,2019-02-06houses-for-rent.csv
24A Watermill Park Raheny Dublin 5,2200,2019-02-06houses-for-rent.csv
4 Brodir Row Palatine Square Stoneybatter Dublin 7,1950,2019-02-06houses-for-rent.csv
91 Beechwood Avenue Lower Ranelagh Dublin 6,3950,2019-02-06houses-for-rent.csv
Frankfort Avenue Rathgar Dublin 6,4200,2019-02-06houses-for-rent.csv
Killeen Court Malahide Co. Dublin,2500,2019-02-06houses-for-rent.csv
Brownsbarn Wood Citywest Co. Dublin,2600,2019-02-06houses-for-rent.csv
142 Killester Ave Killester Dublin 5,1620,2019-02-06houses-for-rent.csv
16 Clyde Lane Ballsbridge Dublin 4,6000,2019-02-06houses-for-rent.csv
9 Mount Pleasant Place Ranelagh Dublin 6,2100,2019-02-06houses-for-rent.csv
45 The Hawthorns Abberley Killiney Co. Dublin,1800,2019-02-06houses-for-rent.csv
Belarmine Drive Stepaside Dublin 18,2500,2019-02-06houses-for-rent.csv
20 Merrion View Ave Off Merrion Road Ballsbridge Dublin 4,4200,2019-02-06houses-for-rent.csv
Joy Streets Dublin 4,2500,2019-02-06houses-for-rent.csv
6 Seafort Villa S Seafort Avenue Sandymount Dublin 4,2000,2019-02-06houses-for-rent.csv
20 Obelisk Rise St Augustines Park Blackrock Blackrock Co. Dublin,2350,2019-02-06houses-for-rent.csv
Glenageary Avenue Glenageary Co. Dublin,2600,2019-02-06houses-for-rent.csv
65 Donnybrook Manor Donnybrook Dublin 4,3500,2019-02-06houses-for-rent.csv
Haydens Park Lucan Co. Dublin,2250,2019-02-06houses-for-rent.csv
51 Alderwood Hollystown Dublin 15,2900,2019-02-06houses-for-rent.csv
St Melruans Park Tallaght Dublin 24,2200,2019-02-06houses-for-rent.csv
81 Drumnigh Wood Portmarnock Co. Dublin,2600,2019-02-06houses-for-rent.csv
Stillorgan Heath Stillorgan Co. Dublin,2000,2019-02-06houses-for-rent.csv
Mount Merrion Avenue Blackrock Co. Dublin,1900,2019-02-06houses-for-rent.csv
Lindsay Road Drumcondra Dublin 9,2800,2019-02-06houses-for-rent.csv
5 Shanliss Avenue Santry Dublin 9,2500,2019-02-06houses-for-rent.csv
3 Wellington Mews Wellington Lane Dublin 4,2300,2019-02-06houses-for-rent.csv
Inchicore Square South Inchicore Dublin 8,2000,2019-02-06houses-for-rent.csv
Marley Court Rathfarnham Dublin 14,2275,2019-02-06houses-for-rent.csv
Strangford Gardens East Wall Dublin 3,1963,2019-02-06houses-for-rent.csv
Crinken Lodge Old Bray Road Shankill Dublin 18,2350,2019-02-06houses-for-rent.csv
Clonard Road Crumlin Dublin 12,2200,2019-02-06houses-for-rent.csv
Victorian Villa Synge St Dublin 8,3800,2019-02-06houses-for-rent.csv
Malakoff Villa Rathgar Road Rathgar Dublin 6,10000,2019-02-06houses-for-rent.csv
The Plover Barnageeragh Cove Skerries Co. Dublin,2500,2019-02-06houses-for-rent.csv
"Oakwood" Chapel Road Portmarnock Co Dublin. Rathcoole Co. Dublin,2800,2019-02-06houses-for-rent.csv
Brookview Lodge Balcunnin Skerries Skerries Co. Dublin,2000,2019-02-06houses-for-rent.csv
Southlands Lodge Allies River Road Rathmichael Co. Dublin,2200,2019-02-06houses-for-rent.csv
Old Bridge Road Templeogue Dublin 6W,6000,2019-02-06houses-for-rent.csv
Finnstown Lucan Co. Dublin,1900,2019-02-06houses-for-rent.csv
6 The Old School Yard Oldtown Co. Dublin,1399,2019-02-06houses-for-rent.csv
149 Richmond Road Drumcondra Dublin 3,2710,2019-02-06houses-for-rent.csv
Kenilworth Road Rathgar Dublin 6,3200,2019-02-06houses-for-rent.csv
Marianella Orwell Road Rathgar Dublin 6,6000,2019-02-06houses-for-rent.csv
Trees Road Lower Mount Merrion Co. Dublin,4000,2019-02-06houses-for-rent.csv
Millbrook Village Milltown Dublin 6,2080,2019-02-06houses-for-rent.csv
The Coach House Annfield House Castleknock Dublin 15,2200,2019-02-06houses-for-rent.csv
La Vista Avenue Killester Dublin 5,1750,2019-02-06houses-for-rent.csv
Rose Cottage Mill Lane Palmerstown Dublin 20,2800,2019-02-06houses-for-rent.csv
Stillorgan Park Avenue Stillorgan Co. Dublin,4500,2019-02-06houses-for-rent.csv
Belmont Lawn Stillorgan Co. Dublin,3200,2019-02-06houses-for-rent.csv
Knockcree Old Glenamuck Road Carrickmines Dubli Carrickmines Dublin 18,2725,2019-02-06houses-for-rent.csv
Stillorgan Park Avenue Blackrock Co. Dublin,4500,2019-02-06houses-for-rent.csv
145 Walkinstown Road Walkinstown Dublin 12,2500,2019-02-06houses-for-rent.csv
Mount Temple Blackrock Co Dublin Blackrock Co. Dublin,2093,2019-02-06houses-for-rent.csv
Marlborough Road Ranelagh Dublin 6,5500,2019-02-06houses-for-rent.csv
Riverview Old Lucan Road Palmerstown Dublin 20,2600,2019-02-06houses-for-rent.csv
Fairbrook Lawn Rathfarnham Dublin 14,2300,2019-02-06houses-for-rent.csv
Grace Park View Grace Park Road Drumcondra Dublin 9,4800,2019-02-06houses-for-rent.csv
Scholarstown Wood Rathfarnham Dublin 16,2900,2019-02-06houses-for-rent.csv
Barrack Road Glencullen Co. Dublin,2400,2019-02-06houses-for-rent.csv
Clancy Quay Phase Two By Kennedy Wilson Dublin 8,2350,2019-02-06houses-for-rent.csv
Bushy Park. Templeogue Road Terenure Dublin 6W,5500,2019-02-06houses-for-rent.csv
Rock Yards Lane Off Sandycove Avenue West Sandycove Co. Dublin,3425,2019-02-06houses-for-rent.csv
Kingstown Mews Park Lane Sandycove Co. Dublin,3750,2019-02-06houses-for-rent.csv
The Hedgerows Foxrock Village Foxrock Foxrock Dublin 18,2500,2019-02-06houses-for-rent.csv
Shrewsbury Park  Ballsbridge Ballsbridge Dublin 4,5250,2019-02-06houses-for-rent.csv
Belfield Close Clonskeagh Road Clonskeagh Dublin 14,3500,2019-02-06houses-for-rent.csv
Grange Road Rathfarnham Dublin 14,3000,2019-02-06houses-for-rent.csv
Rathdown Park Terenure Dublin 6W,4700,2019-02-06houses-for-rent.csv
Emmett Road Kilmainham Dublin 8,2850,2019-02-06houses-for-rent.csv
Swiftbrook Park Tallaght Dublin 24,1750,2019-02-06houses-for-rent.csv
Braemor Road Churchtown Dublin 14,2300,2019-02-06houses-for-rent.csv
Avoca Road Blackrock Co. Dublin,4375,2019-02-06houses-for-rent.csv
Terenure Road West Terenure Dublin 6W,3245,2019-02-06houses-for-rent.csv
Church Avenue South Rialto Dublin 8,2100,2019-02-06houses-for-rent.csv
19A The Green Malahide Co. Dublin,2100,2019-02-06houses-for-rent.csv
Albany Avenue Monkstown Co. Dublin,4500,2019-02-06houses-for-rent.csv
Ballsbridge Avenue Ballsbridge Dublin 4,5000,2019-02-06houses-for-rent.csv
43 Hampton Park St. Helen'S Wood Booterstown Co. Dublin,3250,2019-02-06houses-for-rent.csv
Shanvarna Road Santry Dublin 9,2300,2019-02-06houses-for-rent.csv
Russell Lawns Russell Square Tallaght Dublin 24,1800,2019-02-06houses-for-rent.csv
Castlecourt Booterstown Co. Dublin,3300,2019-02-06houses-for-rent.csv
Marino Park House Mount Merrion Avenue Blackrock Co. Dublin,6000,2019-02-06houses-for-rent.csv
21 Rosmeen Gardens Dun Laoghaire Co. Dublin,3200,2019-02-06houses-for-rent.csv
Royal Canal Bank Dublin 7 Phibsborough Dublin 7,3200,2019-02-06houses-for-rent.csv
Saint Agnes Road Crumlin Dublin 12,3500,2019-02-06houses-for-rent.csv
Stradbrook Park Blackrock Co. Dublin,3000,2019-02-06houses-for-rent.csv
Arkle Square The Chase Leopardstown Dublin 18,2285,2019-02-06houses-for-rent.csv
Fairfield House Fairfield Park Rathgar Dublin 6,8000,2019-02-06houses-for-rent.csv
22 Highfield Road Rathgar Dublin 6,8000,2019-02-06houses-for-rent.csv
49 Grangebrook Avenue Rathfarnham Dublin 16,3550,2019-02-06houses-for-rent.csv
4 Knocklyon Cottages Knocklyon Dublin 16,1670,2019-02-06houses-for-rent.csv
7 Dalriada Court Knocklyon Dublin 16,2200,2019-02-06houses-for-rent.csv
2 Bloyke Harbour Road Dalkey Co. Dublin,5000,2019-02-06houses-for-rent.csv
9 Avondale Rd Phibsborough Dublin 7,1950,2019-02-06houses-for-rent.csv
Maywood Grove Raheny Dublin 5,3000,2019-02-06houses-for-rent.csv
Foxrock Mount Blackrock Co. Dublin,2750,2019-02-06houses-for-rent.csv
Foxrock Mount Foxrock Dublin 18,2750,2019-02-06houses-for-rent.csv
Foxborough Rise Lucan Co. Dublin,1915,2019-02-06houses-for-rent.csv
19 Provost Row Palatine Square Arbour Hill Dublin 7,3000,2019-02-06houses-for-rent.csv
Harmony Avenue Donnybrook Dublin 4,3500,2019-02-06houses-for-rent.csv
6 Farmhill Drive Goatstown Dublin 14,2500,2019-02-06houses-for-rent.csv
17 Glencairn Lawn The Gallops Leopardstown Dublin 18,2750,2019-02-06houses-for-rent.csv
Virginia Heights Springfield Tallaght Dublin 24,2300,2019-02-06houses-for-rent.csv
Castle Riada Grove Lucan Co. Dublin,2200,2019-02-06houses-for-rent.csv
Fortescue Lane Rathmines Dublin 6,2500,2019-02-06houses-for-rent.csv
Rushbrook Templeogue Dublin 6W,2300,2019-02-06houses-for-rent.csv
Lorcan Avenue Santry Dublin 9,2100,2019-02-06houses-for-rent.csv
Oak Hall The Hill Malahide Co. Dublin,2500,2019-02-06houses-for-rent.csv
Luttrell Park Drive Castleknock Castleknock Dublin 15,2200,2019-02-06houses-for-rent.csv
Luttrell Park Drive Carpenterstown Castleknock Dublin 15,2200,2019-02-06houses-for-rent.csv
The Maples Clonskeagh Dublin 14,2350,2019-02-06houses-for-rent.csv
24 Pembroke Lane Ballsbridge Dublin 4,4500,2019-02-06houses-for-rent.csv
Seapark Malahide Co. Dublin,2000,2019-02-06houses-for-rent.csv
Barnageeragh Cove Skerries Co. Dublin,2800,2019-02-06houses-for-rent.csv
Shrewsbury Wood Cabinteely Dublin 18,2660,2019-02-06houses-for-rent.csv
45 Durham Road Sandymount Dublin 4,3800,2019-02-06houses-for-rent.csv
Leeson St Ballsbridge Dublin 4,2100,2019-02-06houses-for-rent.csv
Chelmsford Close Ranelagh Dublin 6,2750,2019-02-06houses-for-rent.csv
St Brigids Grove Killester Dublin 5,2500,2019-02-06houses-for-rent.csv
Auburn Road Cabinteely Dublin 18,2550,2019-02-06houses-for-rent.csv
Gordon Street Ringsend Dublin 4,2500,2019-02-06houses-for-rent.csv
Kingswood Cross Kingswood Dublin 22,1600,2019-02-06houses-for-rent.csv
Ballygal Road East Glasnevin Dublin 11,2300,2019-02-06houses-for-rent.csv
Collinswood Collins Avenue Whitehall Dublin 9 Whitehall Dublin 9,2500,2019-02-06houses-for-rent.csv
Saint Mary'S Road East Wall Dublin 3,2750,2019-02-06houses-for-rent.csv
West Road East Wall Dublin 3,2500,2019-02-06houses-for-rent.csv
Sarsfield Park Lucan Co. Dublin,2300,2019-02-06houses-for-rent.csv
Shelbourne Road Ballsbridge Dublin 4,3500,2019-02-06houses-for-rent.csv
8 Mount Merrion Avenue Blackrock Co. Dublin,4000,2019-02-06houses-for-rent.csv
Kelston Avenue Foxrock Dublin 18,3640,2019-02-06houses-for-rent.csv
Anglesea Road Ballsbridge Dublin 4,3500,2019-02-06houses-for-rent.csv
Beech GroveBooterstown Avenue Booterstown Co. Dublin,2200,2019-02-06houses-for-rent.csv
Ballsbridge Wood Shelbourne Road Ballsbridge Dublin 4,3140,2019-02-06houses-for-rent.csv
Gledswood Mews Clonskeagh Dublin 14,2850,2019-02-06houses-for-rent.csv
Monastery Drive Clondalkin Dublin 22,2000,2019-02-06houses-for-rent.csv
St Johns Green Clondalkin Dublin 22,1500,2019-02-06houses-for-rent.csv
Cabra Rd Phibsborough Dublin 7,2700,2019-02-06houses-for-rent.csv
Cadogan Road Fairview Dublin 3,3000,2019-02-06houses-for-rent.csv
Carrigmore Green Saggart Co. Dublin,1750,2019-02-06houses-for-rent.csv
Elmwood Swords Co. Dublin,2750,2019-02-06houses-for-rent.csv
Belmont Raheny Dublin 5,2200,2019-02-06houses-for-rent.csv
Fairways Finglas Dublin 11,2000,2019-02-06houses-for-rent.csv
Cherrywood Park Clondalkin Dublin 22,1500,2019-02-06houses-for-rent.csv
Kilteel Rathcoole Co. Dublin,2500,2019-02-06houses-for-rent.csv
Lough Derg Raheny Dublin 5,2250,2019-02-06houses-for-rent.csv
Merchants Square East Wall Dublin 3,1750,2019-02-06houses-for-rent.csv
Levmoss Avenue Leopardstown Dublin 18,2000,2019-02-06houses-for-rent.csv
Beech Row Clondalkin Dublin 22,1500,2019-02-06houses-for-rent.csv
Chapelwood Hollystown Dublin 15,3000,2019-02-06houses-for-rent.csv
Carrow Road Drimnagh Dublin 12,2100,2019-02-06houses-for-rent.csv
College Lane Newcastle Road Rathcoole Co. Dublin,1650,2019-02-06houses-for-rent.csv
Casement Road Finglas Dublin 11,1800,2019-02-06houses-for-rent.csv
Moy Glas Lucan Co. Dublin,2100,2019-02-06houses-for-rent.csv
Floraville Clondalkin Dublin 22,1850,2019-02-06houses-for-rent.csv
Park Drive Castleknock Dublin 15,2950,2019-02-06houses-for-rent.csv
Diswellstown Castleknock Dublin 15,3100,2019-02-06houses-for-rent.csv
Riverdale Grove Palmerstown Dublin 20,1850,2019-02-06houses-for-rent.csv
Main St. Saggart Co. Dublin,1650,2019-02-06houses-for-rent.csv
Cherrywood Grove Clondalkin Dublin 22,1650,2019-02-06houses-for-rent.csv
Raheny Village Raheny Dublin 5,2000,2019-02-06houses-for-rent.csv
Melesian Swords Co. Dublin,2250,2019-02-06houses-for-rent.csv
Seville Place North Dock Dublin 1,2900,2019-02-06houses-for-rent.csv
Hampton Wood Road Finglas Dublin 11,2000,2019-02-06houses-for-rent.csv
Cherry Orchard Crescent Cherry Orchard Dublin 10,1500,2019-02-06houses-for-rent.csv
Sutton Park Sutton Dublin 13,2950,2019-02-06houses-for-rent.csv
Luttrellstown Castleknock Dublin 15,3000,2019-02-06houses-for-rent.csv
Mellowes Road Finglas Dublin 11,1800,2019-02-06houses-for-rent.csv
Kelston Drive Off Leopardstown Road Foxrock Dublin 18,2450,2019-02-06houses-for-rent.csv
Rathmines Leinster Road Rathmines Dublin 6,3400,2019-02-06houses-for-rent.csv
Kelston Drive Foxrock Dublin 18,2450,2019-02-06houses-for-rent.csv
11 Inglenook Wood Carrickmines Dublin 18,3750,2019-02-06houses-for-rent.csv
37 The Maples Bird Avenue Clonskeagh Dublin 14,2500,2019-02-06houses-for-rent.csv
Grants Row Off Lower Mount Street Dublin 2,2800,2019-02-06houses-for-rent.csv
22 Prussia Street Stoneybatter Dublin 7,3200,2019-02-06houses-for-rent.csv
Brusna Cottages Blackrock Co. Dublin,2200,2019-02-06houses-for-rent.csv
1 Whitethorn Walk Westminster Park Foxrock Dublin 18,2700,2019-02-06houses-for-rent.csv
Ballyowen Avenue Lucan Co. Dublin,2600,2019-02-06houses-for-rent.csv
54 Wilkins Court Walkinstown Dublin 12,2300,2019-02-06houses-for-rent.csv
St Lawerence Road Clontarf Dublin 3,3150,2019-02-06houses-for-rent.csv
Lonsdale 728A Howth Road Raheny Dublin 5,3640,2019-02-06houses-for-rent.csv
85 Clonliffe Road Drumcondra Dublin 3,3200,2019-02-06houses-for-rent.csv
Griffen Glen Green Lucan Co. Dublin,2200,2019-02-06houses-for-rent.csv
Hansted Grove Lucan Co. Dublin,1950,2019-02-06houses-for-rent.csv
Paddock Place Adamstown Lucan Co. Dublin,1950,2019-02-06houses-for-rent.csv
Woodstown Heath Knocklyon Dublin 16,2200,2019-02-06houses-for-rent.csv
3 Belmont Park Raheny Dublin 5,2128,2019-02-06houses-for-rent.csv
Robswall Malahide Co. Dublin,2000,2019-02-06houses-for-rent.csv
The Old Golf Links Malahide Co. Dublin,4500,2019-02-06houses-for-rent.csv
Daleview Road Swords Co. Dublin,2300,2019-02-06houses-for-rent.csv
Dollymount Park Clontarf Dublin 3,2800,2019-02-06houses-for-rent.csv
20 Millbrook Village Milltown Dublin 6,2100,2019-02-06houses-for-rent.csv
10 Warrington Place Dublin 2,1140,2019-02-06houses-for-rent.csv
Westmoreland Park Ranelagh Dublin 6,2950,2019-02-06houses-for-rent.csv
Stratford Haven Rathgar Dublin 6,2700,2019-02-06houses-for-rent.csv
Castle Farm Shankill Dublin 18,1950,2019-02-06houses-for-rent.csv
Myrtle Park Dun Laoghaire Co. Dublin,3300,2019-02-06houses-for-rent.csv
Belarmine Heath Stepaside Dublin 18,1800,2019-02-06houses-for-rent.csv
Cherrywood Cherrywood Co. Dublin,2000,2019-02-06houses-for-rent.csv
Glencairn Beside The Gallops Luas Stop Sandyford Dublin 18,1950,2019-02-06houses-for-rent.csv
Home Coming Soon Foxrock Dublin 18,4200,2019-02-06houses-for-rent.csv
The Meadows Off Newtown Park Avenue Blackrock Co. Dublin,2775,2019-02-06houses-for-rent.csv
Glencairn Dale The Gallops Leopardstown Dublin 18,1950,2019-02-06houses-for-rent.csv
College Park Ballinteer Road Dundrum Dublin 14,2300,2019-02-06houses-for-rent.csv
3 Albany Killiney Hill Road Killiney Co. Dublin,3500,2019-02-06houses-for-rent.csv
Drury Mills Saggart Co. Dublin,2750,2019-02-06houses-for-rent.csv
Bullock Harbour Dalkey Co. Dublin,3250,2019-02-06houses-for-rent.csv
53 Shieling Square Raheny Dublin 5,3000,2019-02-06houses-for-rent.csv
36 Vernon Heath Clontarf Dublin 3,3000,2019-02-06houses-for-rent.csv
Terenure Road West Terenure Dublin 6,4000,2019-02-06houses-for-rent.csv
Waterloo Place Ballsbridge Dublin 6 Ballsbridge Dublin 4,3500,2019-02-06houses-for-rent.csv
Sydenham Road Dundrum Dublin 14,4695,2019-02-06houses-for-rent.csv
Silken Park Ave Kingswood Dublin 22,2300,2019-02-06houses-for-rent.csv
14 Claremount Carrickmines Dublin 18,4200,2019-02-06houses-for-rent.csv
Orwell Lodge Rathgar Dublin 6,4000,2019-02-06houses-for-rent.csv
Greenville Terrace South Circular Road Dublin 8,2200,2019-02-06houses-for-rent.csv
Abbotts Grove Avenue Knocklyon Dublin 16,2200,2019-02-06houses-for-rent.csv
Brickfield Walk Dermot O'Hurley Avenue Irishtown Dublin 4,3500,2019-02-06houses-for-rent.csv
Honeypark Glenageary Road Upper Dun Laoghaire Co. Dublin,3600,2019-02-06houses-for-rent.csv
Somerton Mews Castleknock Dublin 15,4000,2019-02-06houses-for-rent.csv
Somerton Mews Castleknock Dublin 15,3750,2019-02-06houses-for-rent.csv
Santry Court Clonshaugh Dublin 17,1800,2019-02-06houses-for-rent.csv
Adamstown Avenue Adamstown Co. Dublin,2100,2019-02-06houses-for-rent.csv
Whitethorn Rise Artane Dublin 5,2200,2019-02-06houses-for-rent.csv
The Mews Robswall Malahide Co. Dublin,3640,2019-02-06houses-for-rent.csv
52 The Green Melrose Park Kinsealy Co. Dublin,1900,2019-02-06houses-for-rent.csv
Carlingford Road Drumcondra Dublin 9,2500,2019-02-06houses-for-rent.csv
Woodfield Terrace Inchicore Dublin 8,2000,2019-02-06houses-for-rent.csv
Ashington Dale Navan Road (D7) Dublin 7,2400,2019-02-06houses-for-rent.csv
Beaufield Manor Stillorgan Co. Dublin,2375,2019-02-06houses-for-rent.csv
Wellington Road Ballsbridge Dublin 4,7500,2019-02-06houses-for-rent.csv
Rugby Villas Rugby Road Ranelagh Dublin 6,3250,2019-02-06houses-for-rent.csv
The Orchards Military Road Killiney Co. Dublin,2652,2019-02-06houses-for-rent.csv
Seafield Corbawn Avenue Shankill Dublin 18,2800,2019-02-06houses-for-rent.csv
Stillorgan Park Stillorgan Co. Dublin,4000,2019-02-06houses-for-rent.csv
Carysfort Grove Blackrock Co. Dublin,2700,2019-02-06houses-for-rent.csv
Ashurst Military Road Killiney Co. Dublin,3500,2019-02-06houses-for-rent.csv
Lower Albert Road Sandycove Co. Dublin,3500,2019-02-06houses-for-rent.csv
Killiney Road Killiney Co. Dublin,3950,2019-02-06houses-for-rent.csv
Station Road Clonsilla Dublin 15,1450,2019-02-06houses-for-rent.csv
South Avenue Mount Merrion Co. Dublin,3000,2019-02-06houses-for-rent.csv
Grosvenor Lane Rathmines Dublin 6,3850,2019-02-06houses-for-rent.csv
186 St Attracta Road Cabra Dublin 7,1800,2019-02-06houses-for-rent.csv
6 Ballyshannon Avenue Kilmore Dublin 5,2600,2019-02-06houses-for-rent.csv
Lower Ballymount Road Ballymount Dublin 12,2500,2019-02-06houses-for-rent.csv
Glenbourne Road Leopardstown Dublin 18,2400,2019-02-06houses-for-rent.csv
Killiney Hill Road Killiney Co. Dublin,3500,2019-02-06houses-for-rent.csv
1 Clonrosse Drive Ard Na Greine Dublin 13 Ard Na Greine Dublin 13,2500,2019-02-06houses-for-rent.csv
Wainsfort Manor Green Terenure Dublin 6W,3400,2019-02-06houses-for-rent.csv
Old County Glen Crumlin Dublin 12,2800,2019-02-06houses-for-rent.csv
Dartmouth Place Ranelagh Dublin 6,2500,2019-02-06houses-for-rent.csv
32 North Circular Road North Circular Road Dublin 1,20000,2019-02-06houses-for-rent.csv
Grotto Avenue Booterstown Co. Dublin,3000,2019-02-06houses-for-rent.csv
Bayside Boulevard South Bayside Dublin 13,1500,2019-02-06houses-for-rent.csv
Nutgrove Avenue Rathfarnham Dublin 14,2500,2019-02-06houses-for-rent.csv
Beechdale Mews Rathmines Dublin 6,3000,2019-02-06houses-for-rent.csv
Strand Mews St. John'S Road Sandymount Dublin 4,3750,2019-02-06houses-for-rent.csv
29 Maretimo Gardens Blackrock Co. Dublin,3200,2019-02-06houses-for-rent.csv
Blasket Square Blanchardstown Dublin 15,2200,2019-02-06houses-for-rent.csv
Ailesbury Road Ballsbridge Dublin 4,15000,2019-02-06houses-for-rent.csv
87 Eugene Street Merchants Quay Dublin 8,1700,2019-02-06houses-for-rent.csv
106 Rialto Cottages Rialto Dublin 8,2600,2019-02-06houses-for-rent.csv
Hainault Park Foxrock Dublin 18,4850,2019-02-06houses-for-rent.csv
29 Monaloe Avenue Blackrock Co. Dublin,2750,2019-02-06houses-for-rent.csv
Rafters Court Rafters Road Drimnagh Dublin 12,2700,2019-02-06houses-for-rent.csv
Ardmeen Park Blackrock Co. Dublin,3200,2019-02-06houses-for-rent.csv
Turret Road Palmerstown Dublin 20,2700,2019-02-06houses-for-rent.csv
63 Rathborne Ave Ashtown Ashtown Dublin 15,2800,2019-02-06houses-for-rent.csv
Murtagh Road Stoneybatter Dublin 7,2000,2019-02-06houses-for-rent.csv
26 Beachview Del Val Avenue Sutton Dublin 13,2200,2019-02-06houses-for-rent.csv
Melvin Road Terenure Dublin 6,3200,2019-02-06houses-for-rent.csv
Pinewoods Clondalkin Clondalkin Dublin 22,2150,2019-02-06houses-for-rent.csv
Rathborne Park .Ashtown Ashtown Dublin 7,2300,2019-02-06houses-for-rent.csv
Stannaway Road Crumlin Dublin 12,1900,2019-02-06houses-for-rent.csv
99 Inchicore Rd. Kilmainham Dublin 8,2600,2019-02-06houses-for-rent.csv
Fortview Avenue Clontarf Dublin 3,2500,2019-02-06houses-for-rent.csv
Waterloo Road Dublin 4,1800,2019-02-06houses-for-rent.csv
St Mary'S Road East Wall East Wall Dublin 3,2200,2019-02-06houses-for-rent.csv
15 Dowland Rd Walkinstown Dublin 12,2350,2019-02-06houses-for-rent.csv
Chelmsford Road Ranelagh Dublin 6,3000,2019-02-06houses-for-rent.csv
Prospect Meadows Prospect Manor Rathfarnham Dublin 16,2379,2019-02-06houses-for-rent.csv
Russell Crescent Tallaght Dublin 24,2150,2019-02-06houses-for-rent.csv
Glenview Park Tallaght Dublin 24,2300,2019-02-06houses-for-rent.csv
Sorrento Road Dalkey Co. Dublin,28000,2019-02-06houses-for-rent.csv
251 Kimmage Road Lower Kimmage Dublin 6W,5500,2019-02-06houses-for-rent.csv
31 Oldbridge View Lucan Co. Dublin,2200,2019-02-06houses-for-rent.csv
19 Gainsborough Court Malahide Co. Dublin,2250,2019-02-06houses-for-rent.csv
14 Jameson Orchard Malahide Co. Dublin,2300,2019-02-06houses-for-rent.csv
Ashford Street Stoneybatter Dublin 7,1900,2019-02-06houses-for-rent.csv
Zardoz Court Anglesea Road Ballsbridge Dublin 4,2750,2019-02-06houses-for-rent.csv
Marlfield Place Kiltipper Tallaght Dublin 24,1650,2019-02-06houses-for-rent.csv
Botanic Avenue Glasnevin Dublin 9,3250,2019-02-06houses-for-rent.csv
Lindsay Road Glasnevin Dublin 9,2800,2019-02-06houses-for-rent.csv
113 Mount Tallant Avenue Terenure Dublin 6,1995,2019-02-06houses-for-rent.csv
Wilfield Sandymount Avenue Dublin 4 Sandymount Dublin 4,2545,2019-02-06houses-for-rent.csv
Marine Parade Sandycove Sandycove Co. Dublin,8500,2019-02-06houses-for-rent.csv
Marlborough Road Donnybrook Dublin 4,5900,2019-02-06houses-for-rent.csv
Kelston Avenue Leopardstown Road Dublin 18 Foxrock Dublin 18,2700,2019-02-06houses-for-rent.csv
Cooley Road Crumlin Dublin 12,2600,2019-02-06houses-for-rent.csv
Mulvey Park Dundrum Dublin 14,2300,2019-02-06houses-for-rent.csv
Malahide Village Hanlons Lane Malahide Co. Dublin,4700,2019-02-06houses-for-rent.csv
Drumnigh Wood Portmarnock Dublin Portmarnock Co. Dublin,4200,2019-02-06houses-for-rent.csv
Balinteer Avenue Dundrum Dublin 16,3000,2019-02-06houses-for-rent.csv
Portersgate Greeg Clonsilla Dublin 15,2900,2019-02-06houses-for-rent.csv
7A Huxley Crescent Dublin 8,2900,2019-02-06houses-for-rent.csv
Harcourt Lodge Inchicore Dublin 8,1700,2019-02-06houses-for-rent.csv
5 Farmleigh Close Farmleigh Woods Castleknock Dublin 15,2475,2019-02-06houses-for-rent.csv
Quay Street Rush Co. Dublin,2500,2019-02-06houses-for-rent.csv
Glen Walk The Park Cabinteely Dublin 18,3000,2019-02-06houses-for-rent.csv
The Boulders Ballyedmonduff Road Sandyford Dublin 18,2700,2019-02-06houses-for-rent.csv
Sun Drive Road Crumlin Dublin 12,1820,2019-02-06houses-for-rent.csv
Martello Road Balbriggan Co. Dublin,1850,2019-02-06houses-for-rent.csv
Sperrin Road Drimnagh Dublin 12,1700,2019-02-06houses-for-rent.csv
Loretto South Shore Road Rush Co. Dublin,3640,2019-02-06houses-for-rent.csv
Boyd Avenue Honey Park Dun Laoghaire Co. Dublin,2835,2019-02-06houses-for-rent.csv
Parnel Court Harold'S Cross Dublin 6,2400,2019-02-06houses-for-rent.csv
Dodder Road Terenure Dublin 6,2500,2019-02-06houses-for-rent.csv
Lower Dodder Road Rathfarnham Dublin 16,2500,2019-02-06houses-for-rent.csv
Granite Lodge Fiery Lane Glencullen Co. Dublin,2000,2019-02-06houses-for-rent.csv
Blooms Court 47A Upper Clanbrassil Street Dublin Dublin 8,3500,2019-02-06houses-for-rent.csv
St Johns Street Dublin 8,2150,2019-02-06houses-for-rent.csv
43 Tritonville Road Sandymount Dublin 4,3950,2019-02-06houses-for-rent.csv
Stillorgan Heath Stillorgan Co. Dublin,2750,2019-02-06houses-for-rent.csv
Cairnfort Enniskerry Road Stepaside Dublin 18,3550,2019-02-06houses-for-rent.csv
36 Goldenbridge Avenue Inchicore Dublin 8,2000,2019-02-06houses-for-rent.csv
Phisborough Dublin 7,1800,2019-02-06houses-for-rent.csv
Clonshaugh Cloghran Co. Dublin,1950,2019-02-06houses-for-rent.csv
10 Mount Argus Crescent Harold'S Cross Dublin 6W,1700,2019-02-06houses-for-rent.csv
Ballintyre Downs Ballinteer Dublin 16,2100,2019-02-06houses-for-rent.csv
5 College Drive Terenure Terenure Dublin 6W,2500,2019-02-06houses-for-rent.csv
Meadowbank Rathgar Dublin 6,2300,2019-02-06houses-for-rent.csv
24 The Vale Skerries Co. Dublin,1410,2019-02-06houses-for-rent.csv
2 Glen Drive The Park Cabinteely Cabinteely Dublin 18,2750,2019-02-06houses-for-rent.csv
Merchants Road East Wall Dublin 3,1800,2019-02-06houses-for-rent.csv
The Warren Malahide Co. Dublin,2200,2019-02-06houses-for-rent.csv
16 Larkfield Place Lucan Co. Dublin,2000,2019-02-06houses-for-rent.csv
Skerries Skerries Co. Dublin,2700,2019-02-06houses-for-rent.csv
62 Pembroke Road Ballsbridge Dublin 4,5000,2019-02-06houses-for-rent.csv
24 Gascoigne Court Camden Row Dublin 8,2260,2019-02-06houses-for-rent.csv
Maranboy Wyestown Oldtown Co. Dublin,1200,2019-02-06houses-for-rent.csv
23 Lower Kimmage Road Harold'S Cross Dublin 6W,2395,2019-02-06houses-for-rent.csv
Captains Road Crumlin Dublin 12,1881,2019-02-06houses-for-rent.csv
Rathdown Cresent Terenure Dublin 6,4500,2019-02-06houses-for-rent.csv
3 Manorfields Dale Clonee Dublin 15,2300,2019-02-06houses-for-rent.csv
6 Collins Place Finglas Dublin 11,1800,2019-02-06houses-for-rent.csv
Stirling Clonee Dublin 15 Clonee Dublin 15,1500,2019-02-06houses-for-rent.csv
Great Western Villas Phibsborough Dublin 7 Phibsborough Dublin 7,1700,2019-02-06houses-for-rent.csv
Royal Canal Court Royal Canal Bank . Phibsborou Dublin 7,2350,2019-02-06houses-for-rent.csv
The Hedgerows Foxrock Dublin 18,2100,2019-02-06houses-for-rent.csv
122 The Oaks Ridgewood Forrest Swords Swords Co. Dublin,1750,2019-02-06houses-for-rent.csv
Church Gardens Rathmines Dublin 6,3300,2019-02-06houses-for-rent.csv
Greenwood Close Ayrfield Dublin 13 Ayrfield Dublin 13,2200,2019-02-06houses-for-rent.csv
Durrow Road Crumlin Dublin 12,2000,2019-02-06houses-for-rent.csv
The Gallops Leopardstown Leopardstown Dublin 18,2300,2019-02-06houses-for-rent.csv
Lough Derg Road Raheny Dublin 5,2200,2019-02-06houses-for-rent.csv
Roseland Avenue Dun Laoghaire Co. Dublin,3900,2019-02-06houses-for-rent.csv
Fancourt Heights Balbriggan Co. Dublin,1800,2019-02-06houses-for-rent.csv
Brecan Close Balbriggan Co. Dublin,1250,2019-02-06houses-for-rent.csv
Calliaghstown Rathcoole Co. Dublin,1150,2019-02-06houses-for-rent.csv
4 Moyne Court Moyne Road Ranelagh Ranelagh Dublin 6,2800,2019-02-06houses-for-rent.csv
40 Sandyford Downs Sandyford Dublin 18,2895,2019-02-06houses-for-rent.csv
7 Cherrywood Park Loughlinstown Co. Dublin,2750,2019-02-06houses-for-rent.csv
40 Bushfield Drive Clondalkin Dublin 22,2250,2019-02-06houses-for-rent.csv
Barons Hall Grove Balbriggan Co. Dublin,1800,2019-02-06houses-for-rent.csv
Hampton Green Balbriggan Co. Dublin,1600,2019-02-06houses-for-rent.csv
13 New Road Inchicore Dublin 8,1700,2019-02-06houses-for-rent.csv
Ballycorus Road Kilternan Dublin 18,4000,2019-02-06houses-for-rent.csv
Parkside Walk Balgriffin Dublin 13,1850,2019-02-06houses-for-rent.csv
Tanglewood Thornton Kilsallaghan Co. Dublin,2200,2019-02-06houses-for-rent.csv
Martins Row Chapelizod Dublin 20,1850,2019-02-06houses-for-rent.csv
Taney Crese Dundrum Dublin 14,2866,2019-02-06houses-for-rent.csv
Templeville Balbriggan Co. Dublin,1700,2019-02-06houses-for-rent.csv
Shanliss Road Santry Dublin 9,3000,2019-02-06houses-for-rent.csv
Pinebrook Avenue Artane Dublin 5,2095,2019-02-06houses-for-rent.csv
Cremore Crescent Glasnevin Dublin 11,2400,2019-02-06houses-for-rent.csv
Avoca Place Blackrock Co. Dublin,2700,2019-02-06houses-for-rent.csv
55 Clanmahon Road Donnycarney Dublin 5,1750,2019-02-06houses-for-rent.csv
Iona Road Glasnevin Dublin 9,5800,2019-02-06houses-for-rent.csv
Ormond Square Smithfield Dublin 7,2350,2019-02-06houses-for-rent.csv
13 Warrenmount Place Portobello Dublin 8,2300,2019-02-06houses-for-rent.csv
139 Clonard Road Crumlin Dublin 12 Crumlin Dublin 12,1508,2019-02-06houses-for-rent.csv
Sorrento Road Dalkey Co. Dublin,4860,2019-02-06houses-for-rent.csv
Coliemore Road Dalkey Co. Dublin,4000,2019-02-06houses-for-rent.csv
Period House Dalkey Co. Dublin,15000,2019-02-06houses-for-rent.csv
St. Mark'S Garden'S Clondalkin Dublin 22,1800,2019-02-06houses-for-rent.csv
Mount Argus Harold'S Cross Dublin 6,2200,2019-02-06houses-for-rent.csv
Cranmer Cottage Cranmer Lane Haddington Road Ballsbridge Dublin 4,3800,2019-02-06houses-for-rent.csv
Park Drive Ranelagh Ranelagh Dublin 6,7000,2019-02-06houses-for-rent.csv
The Coast Road Malahide Co. Dublin,3600,2019-02-06houses-for-rent.csv
10 The Avenue Robswall Malahide Malahide Co. Dublin,3700,2019-02-06houses-for-rent.csv
Shelerin Road Clonsilla Dublin 15,2300,2019-02-06houses-for-rent.csv
Newlands Coliemore Road Dalkey Co. Dublin,2950,2019-02-06houses-for-rent.csv
2 St Johns Close Lower Mounttown Road Dun Laoghaire Co. Dublin,2750,2019-02-06houses-for-rent.csv
10 Ardagh Park Road Blackrock Co. Dublin,2500,2019-02-06houses-for-rent.csv
56 Ellensborough Lodge Kiltipper Dublin 24,2100,2019-02-06houses-for-rent.csv
11B Rear Cadogan Road Fairview Dublin 3 Fairview Dublin 3,2800,2019-02-06houses-for-rent.csv
Fairway Drive Dun Laoghaire Co. Dublin,3500,2019-02-06houses-for-rent.csv
9 Saint Endas Drive Rathfarnham Dublin 14,2700,2019-02-06houses-for-rent.csv
Spireview Lane Rathmines Rathmines Dublin 6,3500,2019-02-06houses-for-rent.csv
18 Greenmount Lane Harold'S Cross Dublin 6,1750,2019-02-06houses-for-rent.csv
Stella Townhouse Grand Canal Dock Dublin 2,5600,2019-02-06houses-for-rent.csv
Cedarview Santry Dublin 9,2500,2019-02-06houses-for-rent.csv
Fosterbrook Booterstown Co. Dublin,2800,2019-02-06houses-for-rent.csv
22 Castleknock Crescent Castleknock Dublin 15,2200,2019-02-06houses-for-rent.csv
Short Term Corportate Finished House East Wall Dublin 3,2295,2019-02-06houses-for-rent.csv
4 The Laurels Seapark Mount Prospect Avedo3Xk58 Clontarf Dublin 3,2500,2019-02-06houses-for-rent.csv
Santa Barbara Killiney Hill Road Killiney Co. Dublin,5500,2019-02-06houses-for-rent.csv
24 Mount Eustace Crescent Tyrrelstown Dublin 15,2300,2019-02-06houses-for-rent.csv
